WARNING:root:No DATABASE_URL environment variable set, and so no databases setup
Internal Server Error: /
Traceback (most recent call last):
  File "/home/stradigt/virtualenv/binco/3.11/lib/python3.11/site-packages/django/core/handlers/exception.py", line 55, in inner
    response = get_response(request)
               ^^^^^^^^^^^^^^^^^^^^^
  File "/home/stradigt/virtualenv/binco/3.11/lib/python3.11/site-packages/django/core/handlers/base.py", line 197, in _get_response
    response = wrapped_callback(request, *callback_args, **callback_kwargs)
               ^^^^^^^^^^^^^^^^^^^^^^^^^^^^^^^^^^^^^^^^^^^^^^^^^^^^^^^^^^^^
  File "/home/stradigt/binco/store/views.py", line 42, in home
    return render(request, 'store/home.html', context)
           ^^^^^^^^^^^^^^^^^^^^^^^^^^^^^^^^^^^^^^^^^^^
  File "/home/stradigt/virtualenv/binco/3.11/lib/python3.11/site-packages/django/shortcuts.py", line 25, in render
    content = loader.render_to_string(template_name, context, request, using=using)
              ^^^^^^^^^^^^^^^^^^^^^^^^^^^^^^^^^^^^^^^^^^^^^^^^^^^^^^^^^^^^^^^^^^^^^
  File "/home/stradigt/virtualenv/binco/3.11/lib/python3.11/site-packages/django/template/loader.py", line 61, in render_to_string
    template = get_template(template_name, using=using)
               ^^^^^^^^^^^^^^^^^^^^^^^^^^^^^^^^^^^^^^^^
  File "/home/stradigt/virtualenv/binco/3.11/lib/python3.11/site-packages/django/template/loader.py", line 15, in get_template
    return engine.get_template(template_name)
           ^^^^^^^^^^^^^^^^^^^^^^^^^^^^^^^^^^
  File "/home/stradigt/virtualenv/binco/3.11/lib/python3.11/site-packages/django/template/backends/django.py", line 79, in get_template
    return Template(self.engine.get_template(template_name), self)
                    ^^^^^^^^^^^^^^^^^^^^^^^^^^^^^^^^^^^^^^^
  File "/home/stradigt/virtualenv/binco/3.11/lib/python3.11/site-packages/django/template/engine.py", line 177, in get_template
    template, origin = self.find_template(template_name)
                       ^^^^^^^^^^^^^^^^^^^^^^^^^^^^^^^^^
  File "/home/stradigt/virtualenv/binco/3.11/lib/python3.11/site-packages/django/template/engine.py", line 159, in find_template
    template = loader.get_template(name, skip=skip)
               ^^^^^^^^^^^^^^^^^^^^^^^^^^^^^^^^^^^^
  File "/home/stradigt/virtualenv/binco/3.11/lib/python3.11/site-packages/django/template/loaders/cached.py", line 57, in get_template
    template = super().get_template(template_name, skip)
               ^^^^^^^^^^^^^^^^^^^^^^^^^^^^^^^^^^^^^^^^^
  File "/home/stradigt/virtualenv/binco/3.11/lib/python3.11/site-packages/django/template/loaders/base.py", line 23, in get_template
    contents = self.get_contents(origin)
               ^^^^^^^^^^^^^^^^^^^^^^^^^
  File "/home/stradigt/virtualenv/binco/3.11/lib/python3.11/site-packages/django/template/loaders/cached.py", line 26, in get_contents
    return origin.loader.get_contents(origin)
           ^^^^^^^^^^^^^^^^^^^^^^^^^^^^^^^^^^
  File "/home/stradigt/virtualenv/binco/3.11/lib/python3.11/site-packages/django/template/loaders/filesystem.py", line 22, in get_contents
    with open(origin.name, encoding=self.engine.file_charset) as fp:
         ^^^^^^^^^^^^^^^^^^^^^^^^^^^^^^^^^^^^^^^^^^^^^^^^^^^^
PermissionError: [Errno 13] Permission denied: '/home/stradigt/binco/store/templates/store/home.html'
ERROR:django.request:Internal Server Error: /
Traceback (most recent call last):
  File "/home/stradigt/virtualenv/binco/3.11/lib/python3.11/site-packages/django/core/handlers/exception.py", line 55, in inner
    response = get_response(request)
               ^^^^^^^^^^^^^^^^^^^^^
  File "/home/stradigt/virtualenv/binco/3.11/lib/python3.11/site-packages/django/core/handlers/base.py", line 197, in _get_response
    response = wrapped_callback(request, *callback_args, **callback_kwargs)
               ^^^^^^^^^^^^^^^^^^^^^^^^^^^^^^^^^^^^^^^^^^^^^^^^^^^^^^^^^^^^
  File "/home/stradigt/binco/store/views.py", line 42, in home
    return render(request, 'store/home.html', context)
           ^^^^^^^^^^^^^^^^^^^^^^^^^^^^^^^^^^^^^^^^^^^
  File "/home/stradigt/virtualenv/binco/3.11/lib/python3.11/site-packages/django/shortcuts.py", line 25, in render
    content = loader.render_to_string(template_name, context, request, using=using)
              ^^^^^^^^^^^^^^^^^^^^^^^^^^^^^^^^^^^^^^^^^^^^^^^^^^^^^^^^^^^^^^^^^^^^^
  File "/home/stradigt/virtualenv/binco/3.11/lib/python3.11/site-packages/django/template/loader.py", line 61, in render_to_string
    template = get_template(template_name, using=using)
               ^^^^^^^^^^^^^^^^^^^^^^^^^^^^^^^^^^^^^^^^
  File "/home/stradigt/virtualenv/binco/3.11/lib/python3.11/site-packages/django/template/loader.py", line 15, in get_template
    return engine.get_template(template_name)
           ^^^^^^^^^^^^^^^^^^^^^^^^^^^^^^^^^^
  File "/home/stradigt/virtualenv/binco/3.11/lib/python3.11/site-packages/django/template/backends/django.py", line 79, in get_template
    return Template(self.engine.get_template(template_name), self)
                    ^^^^^^^^^^^^^^^^^^^^^^^^^^^^^^^^^^^^^^^
  File "/home/stradigt/virtualenv/binco/3.11/lib/python3.11/site-packages/django/template/engine.py", line 177, in get_template
    template, origin = self.find_template(template_name)
                       ^^^^^^^^^^^^^^^^^^^^^^^^^^^^^^^^^
  File "/home/stradigt/virtualenv/binco/3.11/lib/python3.11/site-packages/django/template/engine.py", line 159, in find_template
    template = loader.get_template(name, skip=skip)
               ^^^^^^^^^^^^^^^^^^^^^^^^^^^^^^^^^^^^
  File "/home/stradigt/virtualenv/binco/3.11/lib/python3.11/site-packages/django/template/loaders/cached.py", line 57, in get_template
    template = super().get_template(template_name, skip)
               ^^^^^^^^^^^^^^^^^^^^^^^^^^^^^^^^^^^^^^^^^
  File "/home/stradigt/virtualenv/binco/3.11/lib/python3.11/site-packages/django/template/loaders/base.py", line 23, in get_template
    contents = self.get_contents(origin)
               ^^^^^^^^^^^^^^^^^^^^^^^^^
  File "/home/stradigt/virtualenv/binco/3.11/lib/python3.11/site-packages/django/template/loaders/cached.py", line 26, in get_contents
    return origin.loader.get_contents(origin)
           ^^^^^^^^^^^^^^^^^^^^^^^^^^^^^^^^^^
  File "/home/stradigt/virtualenv/binco/3.11/lib/python3.11/site-packages/django/template/loaders/filesystem.py", line 22, in get_contents
    with open(origin.name, encoding=self.engine.file_charset) as fp:
         ^^^^^^^^^^^^^^^^^^^^^^^^^^^^^^^^^^^^^^^^^^^^^^^^^^^^
PermissionError: [Errno 13] Permission denied: '/home/stradigt/binco/store/templates/store/home.html'
Internal Server Error: /
Traceback (most recent call last):
  File "/home/stradigt/virtualenv/binco/3.11/lib/python3.11/site-packages/django/core/handlers/exception.py", line 55, in inner
    response = get_response(request)
               ^^^^^^^^^^^^^^^^^^^^^
  File "/home/stradigt/virtualenv/binco/3.11/lib/python3.11/site-packages/django/core/handlers/base.py", line 197, in _get_response
    response = wrapped_callback(request, *callback_args, **callback_kwargs)
               ^^^^^^^^^^^^^^^^^^^^^^^^^^^^^^^^^^^^^^^^^^^^^^^^^^^^^^^^^^^^
  File "/home/stradigt/binco/store/views.py", line 42, in home
    return render(request, 'store/home.html', context)
           ^^^^^^^^^^^^^^^^^^^^^^^^^^^^^^^^^^^^^^^^^^^
  File "/home/stradigt/virtualenv/binco/3.11/lib/python3.11/site-packages/django/shortcuts.py", line 25, in render
    content = loader.render_to_string(template_name, context, request, using=using)
              ^^^^^^^^^^^^^^^^^^^^^^^^^^^^^^^^^^^^^^^^^^^^^^^^^^^^^^^^^^^^^^^^^^^^^
  File "/home/stradigt/virtualenv/binco/3.11/lib/python3.11/site-packages/django/template/loader.py", line 61, in render_to_string
    template = get_template(template_name, using=using)
               ^^^^^^^^^^^^^^^^^^^^^^^^^^^^^^^^^^^^^^^^
  File "/home/stradigt/virtualenv/binco/3.11/lib/python3.11/site-packages/django/template/loader.py", line 15, in get_template
    return engine.get_template(template_name)
           ^^^^^^^^^^^^^^^^^^^^^^^^^^^^^^^^^^
  File "/home/stradigt/virtualenv/binco/3.11/lib/python3.11/site-packages/django/template/backends/django.py", line 79, in get_template
    return Template(self.engine.get_template(template_name), self)
                    ^^^^^^^^^^^^^^^^^^^^^^^^^^^^^^^^^^^^^^^
  File "/home/stradigt/virtualenv/binco/3.11/lib/python3.11/site-packages/django/template/engine.py", line 177, in get_template
    template, origin = self.find_template(template_name)
                       ^^^^^^^^^^^^^^^^^^^^^^^^^^^^^^^^^
  File "/home/stradigt/virtualenv/binco/3.11/lib/python3.11/site-packages/django/template/engine.py", line 159, in find_template
    template = loader.get_template(name, skip=skip)
               ^^^^^^^^^^^^^^^^^^^^^^^^^^^^^^^^^^^^
  File "/home/stradigt/virtualenv/binco/3.11/lib/python3.11/site-packages/django/template/loaders/cached.py", line 57, in get_template
    template = super().get_template(template_name, skip)
               ^^^^^^^^^^^^^^^^^^^^^^^^^^^^^^^^^^^^^^^^^
  File "/home/stradigt/virtualenv/binco/3.11/lib/python3.11/site-packages/django/template/loaders/base.py", line 23, in get_template
    contents = self.get_contents(origin)
               ^^^^^^^^^^^^^^^^^^^^^^^^^
  File "/home/stradigt/virtualenv/binco/3.11/lib/python3.11/site-packages/django/template/loaders/cached.py", line 26, in get_contents
    return origin.loader.get_contents(origin)
           ^^^^^^^^^^^^^^^^^^^^^^^^^^^^^^^^^^
  File "/home/stradigt/virtualenv/binco/3.11/lib/python3.11/site-packages/django/template/loaders/filesystem.py", line 22, in get_contents
    with open(origin.name, encoding=self.engine.file_charset) as fp:
         ^^^^^^^^^^^^^^^^^^^^^^^^^^^^^^^^^^^^^^^^^^^^^^^^^^^^
PermissionError: [Errno 13] Permission denied: '/home/stradigt/binco/store/templates/store/home.html'
ERROR:django.request:Internal Server Error: /
Traceback (most recent call last):
  File "/home/stradigt/virtualenv/binco/3.11/lib/python3.11/site-packages/django/core/handlers/exception.py", line 55, in inner
    response = get_response(request)
               ^^^^^^^^^^^^^^^^^^^^^
  File "/home/stradigt/virtualenv/binco/3.11/lib/python3.11/site-packages/django/core/handlers/base.py", line 197, in _get_response
    response = wrapped_callback(request, *callback_args, **callback_kwargs)
               ^^^^^^^^^^^^^^^^^^^^^^^^^^^^^^^^^^^^^^^^^^^^^^^^^^^^^^^^^^^^
  File "/home/stradigt/binco/store/views.py", line 42, in home
    return render(request, 'store/home.html', context)
           ^^^^^^^^^^^^^^^^^^^^^^^^^^^^^^^^^^^^^^^^^^^
  File "/home/stradigt/virtualenv/binco/3.11/lib/python3.11/site-packages/django/shortcuts.py", line 25, in render
    content = loader.render_to_string(template_name, context, request, using=using)
              ^^^^^^^^^^^^^^^^^^^^^^^^^^^^^^^^^^^^^^^^^^^^^^^^^^^^^^^^^^^^^^^^^^^^^
  File "/home/stradigt/virtualenv/binco/3.11/lib/python3.11/site-packages/django/template/loader.py", line 61, in render_to_string
    template = get_template(template_name, using=using)
               ^^^^^^^^^^^^^^^^^^^^^^^^^^^^^^^^^^^^^^^^
  File "/home/stradigt/virtualenv/binco/3.11/lib/python3.11/site-packages/django/template/loader.py", line 15, in get_template
    return engine.get_template(template_name)
           ^^^^^^^^^^^^^^^^^^^^^^^^^^^^^^^^^^
  File "/home/stradigt/virtualenv/binco/3.11/lib/python3.11/site-packages/django/template/backends/django.py", line 79, in get_template
    return Template(self.engine.get_template(template_name), self)
                    ^^^^^^^^^^^^^^^^^^^^^^^^^^^^^^^^^^^^^^^
  File "/home/stradigt/virtualenv/binco/3.11/lib/python3.11/site-packages/django/template/engine.py", line 177, in get_template
    template, origin = self.find_template(template_name)
                       ^^^^^^^^^^^^^^^^^^^^^^^^^^^^^^^^^
  File "/home/stradigt/virtualenv/binco/3.11/lib/python3.11/site-packages/django/template/engine.py", line 159, in find_template
    template = loader.get_template(name, skip=skip)
               ^^^^^^^^^^^^^^^^^^^^^^^^^^^^^^^^^^^^
  File "/home/stradigt/virtualenv/binco/3.11/lib/python3.11/site-packages/django/template/loaders/cached.py", line 57, in get_template
    template = super().get_template(template_name, skip)
               ^^^^^^^^^^^^^^^^^^^^^^^^^^^^^^^^^^^^^^^^^
  File "/home/stradigt/virtualenv/binco/3.11/lib/python3.11/site-packages/django/template/loaders/base.py", line 23, in get_template
    contents = self.get_contents(origin)
               ^^^^^^^^^^^^^^^^^^^^^^^^^
  File "/home/stradigt/virtualenv/binco/3.11/lib/python3.11/site-packages/django/template/loaders/cached.py", line 26, in get_contents
    return origin.loader.get_contents(origin)
           ^^^^^^^^^^^^^^^^^^^^^^^^^^^^^^^^^^
  File "/home/stradigt/virtualenv/binco/3.11/lib/python3.11/site-packages/django/template/loaders/filesystem.py", line 22, in get_contents
    with open(origin.name, encoding=self.engine.file_charset) as fp:
         ^^^^^^^^^^^^^^^^^^^^^^^^^^^^^^^^^^^^^^^^^^^^^^^^^^^^
PermissionError: [Errno 13] Permission denied: '/home/stradigt/binco/store/templates/store/home.html'
Not Found: /favicon.ico
WARNING:django.request:Not Found: /favicon.ico
WARNING:root:No DATABASE_URL environment variable set, and so no databases setup
WARNING:root:No DATABASE_URL environment variable set, and so no databases setup
WARNING:root:No DATABASE_URL environment variable set, and so no databases setup
WARNING:root:No DATABASE_URL environment variable set, and so no databases setup
WARNING:root:No DATABASE_URL environment variable set, and so no databases setup
[UID:1392][2577801] Reached max children process limit: 6, extra: 2, current: 8, busy: 8, please increase LSAPI_CHILDREN.
[UID:1392][2577801] Reached max children process limit: 6, extra: 2, current: 8, busy: 8, please increase LSAPI_CHILDREN.
[UID:1392][2577801] Reached max children process limit: 6, extra: 2, current: 8, busy: 8, please increase LSAPI_CHILDREN.
[UID:1392][2577801] Reached max children process limit: 6, extra: 2, current: 8, busy: 8, please increase LSAPI_CHILDREN.
[UID:1392][2577801] Reached max children process limit: 6, extra: 2, current: 8, busy: 8, please increase LSAPI_CHILDREN.
[UID:1392][2577801] Reached max children process limit: 6, extra: 2, current: 8, busy: 8, please increase LSAPI_CHILDREN.
[UID:1392][2577801] Reached max children process limit: 6, extra: 2, current: 8, busy: 8, please increase LSAPI_CHILDREN.
[UID:1392][2577801] Reached max children process limit: 6, extra: 2, current: 8, busy: 8, please increase LSAPI_CHILDREN.
[UID:1392][2577801] Reached max children process limit: 6, extra: 2, current: 8, busy: 8, please increase LSAPI_CHILDREN.
[UID:1392][2577801] Reached max children process limit: 6, extra: 2, current: 8, busy: 8, please increase LSAPI_CHILDREN.
[UID:1392][2577801] Reached max children process limit: 6, extra: 2, current: 8, busy: 7, please increase LSAPI_CHILDREN.
[UID:1392][2577801] Reached max children process limit: 6, extra: 2, current: 8, busy: 8, please increase LSAPI_CHILDREN.
[UID:1392][2577801] Reached max children process limit: 6, extra: 2, current: 8, busy: 8, please increase LSAPI_CHILDREN.
[UID:1392][2577801] Reached max children process limit: 6, extra: 2, current: 8, busy: 8, please increase LSAPI_CHILDREN.
[UID:1392][2577801] Reached max children process limit: 6, extra: 2, current: 8, busy: 7, please increase LSAPI_CHILDREN.
[UID:1392][2577801] Reached max children process limit: 6, extra: 2, current: 8, busy: 8, please increase LSAPI_CHILDREN.
[UID:1392][2577801] Reached max children process limit: 6, extra: 2, current: 8, busy: 8, please increase LSAPI_CHILDREN.
Not Found: /favicon.ico
WARNING:django.request:Not Found: /favicon.ico
WARNING:root:No DATABASE_URL environment variable set, and so no databases setup
[UID:1392][2579295] Reached max children process limit: 6, extra: 2, current: 8, busy: 8, please increase LSAPI_CHILDREN.
[UID:1392][2579295] Reached max children process limit: 6, extra: 2, current: 8, busy: 8, please increase LSAPI_CHILDREN.
[UID:1392][2579295] Reached max children process limit: 6, extra: 2, current: 8, busy: 8, please increase LSAPI_CHILDREN.
[UID:1392][2579295] Reached max children process limit: 6, extra: 2, current: 8, busy: 8, please increase LSAPI_CHILDREN.
[UID:1392][2579295] Reached max children process limit: 6, extra: 2, current: 8, busy: 8, please increase LSAPI_CHILDREN.
[UID:1392][2579295] Reached max children process limit: 6, extra: 2, current: 8, busy: 8, please increase LSAPI_CHILDREN.
[UID:1392][2579295] Reached max children process limit: 6, extra: 2, current: 8, busy: 8, please increase LSAPI_CHILDREN.
[UID:1392][2579295] Reached max children process limit: 6, extra: 2, current: 8, busy: 7, please increase LSAPI_CHILDREN.
Not Found: /favicon.ico
WARNING:django.request:Not Found: /favicon.ico
WARNING:root:No DATABASE_URL environment variable set, and so no databases setup
WARNING:root:No DATABASE_URL environment variable set, and so no databases setup
Not Found: /favicon.ico
WARNING:django.request:Not Found: /favicon.ico
[UID:1392][2602057] Child process with pid: 2607596 was killed by signal: 15, core dumped: no
WARNING:root:No DATABASE_URL environment variable set, and so no databases setup
WARNING:root:No DATABASE_URL environment variable set, and so no databases setup
WARNING:root:No DATABASE_URL environment variable set, and so no databases setup
WARNING:root:No DATABASE_URL environment variable set, and so no databases setup
[UID:1392][2609665] Reached max children process limit: 6, extra: 2, current: 8, busy: 6, please increase LSAPI_CHILDREN.
[UID:1392][2609665] Reached max children process limit: 6, extra: 2, current: 8, busy: 8, please increase LSAPI_CHILDREN.
[UID:1392][2609665] Reached max children process limit: 6, extra: 2, current: 8, busy: 8, please increase LSAPI_CHILDREN.
[UID:1392][2609665] Reached max children process limit: 6, extra: 2, current: 8, busy: 8, please increase LSAPI_CHILDREN.
[UID:1392][2609665] Reached max children process limit: 6, extra: 2, current: 8, busy: 8, please increase LSAPI_CHILDREN.
[UID:1392][2609665] Reached max children process limit: 6, extra: 2, current: 8, busy: 8, please increase LSAPI_CHILDREN.
[UID:1392][2609665] Reached max children process limit: 6, extra: 2, current: 8, busy: 8, please increase LSAPI_CHILDREN.
[UID:1392][2609665] Reached max children process limit: 6, extra: 2, current: 8, busy: 8, please increase LSAPI_CHILDREN.
[UID:1392][2609665] Reached max children process limit: 6, extra: 2, current: 8, busy: 8, please increase LSAPI_CHILDREN.
[UID:1392][2609665] Reached max children process limit: 6, extra: 2, current: 8, busy: 8, please increase LSAPI_CHILDREN.
[UID:1392][2609665] Reached max children process limit: 6, extra: 2, current: 8, busy: 8, please increase LSAPI_CHILDREN.
[UID:1392][2609665] Reached max children process limit: 6, extra: 2, current: 8, busy: 8, please increase LSAPI_CHILDREN.
[UID:1392][2609665] Reached max children process limit: 6, extra: 2, current: 8, busy: 8, please increase LSAPI_CHILDREN.
[UID:1392][2609665] Reached max children process limit: 6, extra: 2, current: 8, busy: 8, please increase LSAPI_CHILDREN.
[UID:1392][2609665] Reached max children process limit: 6, extra: 2, current: 8, busy: 8, please increase LSAPI_CHILDREN.
[UID:1392][2609665] Reached max children process limit: 6, extra: 2, current: 8, busy: 8, please increase LSAPI_CHILDREN.
[UID:1392][2609665] Reached max children process limit: 6, extra: 2, current: 8, busy: 8, please increase LSAPI_CHILDREN.
[UID:1392][2609665] Reached max children process limit: 6, extra: 2, current: 8, busy: 8, please increase LSAPI_CHILDREN.
[UID:1392][2609665] Reached max children process limit: 6, extra: 2, current: 8, busy: 8, please increase LSAPI_CHILDREN.
[UID:1392][2609665] Reached max children process limit: 6, extra: 2, current: 8, busy: 8, please increase LSAPI_CHILDREN.
[UID:1392][2609665] Reached max children process limit: 6, extra: 2, current: 8, busy: 8, please increase LSAPI_CHILDREN.
[UID:1392][2609665] Reached max children process limit: 6, extra: 2, current: 8, busy: 8, please increase LSAPI_CHILDREN.
[UID:1392][2609665] Reached max children process limit: 6, extra: 2, current: 8, busy: 8, please increase LSAPI_CHILDREN.
[UID:1392][2609665] Reached max children process limit: 6, extra: 2, current: 8, busy: 8, please increase LSAPI_CHILDREN.
[UID:1392][2609665] Reached max children process limit: 6, extra: 2, current: 8, busy: 8, please increase LSAPI_CHILDREN.
[UID:1392][2609665] Reached max children process limit: 6, extra: 2, current: 8, busy: 8, please increase LSAPI_CHILDREN.
[UID:1392][2609665] Reached max children process limit: 6, extra: 2, current: 8, busy: 8, please increase LSAPI_CHILDREN.
[UID:1392][2609665] Reached max children process limit: 6, extra: 2, current: 8, busy: 8, please increase LSAPI_CHILDREN.
[UID:1392][2609665] Reached max children process limit: 6, extra: 2, current: 8, busy: 8, please increase LSAPI_CHILDREN.
[UID:1392][2609665] Reached max children process limit: 6, extra: 2, current: 8, busy: 8, please increase LSAPI_CHILDREN.
[UID:1392][2609665] Reached max children process limit: 6, extra: 2, current: 8, busy: 8, please increase LSAPI_CHILDREN.
[UID:1392][2609665] Reached max children process limit: 6, extra: 2, current: 8, busy: 8, please increase LSAPI_CHILDREN.
[UID:1392][2609665] Reached max children process limit: 6, extra: 2, current: 8, busy: 8, please increase LSAPI_CHILDREN.
[UID:1392][2609665] Reached max children process limit: 6, extra: 2, current: 8, busy: 8, please increase LSAPI_CHILDREN.
[UID:1392][2609665] Reached max children process limit: 6, extra: 2, current: 8, busy: 8, please increase LSAPI_CHILDREN.
[UID:1392][2609665] Reached max children process limit: 6, extra: 2, current: 8, busy: 8, please increase LSAPI_CHILDREN.
[UID:1392][2609665] Reached max children process limit: 6, extra: 2, current: 8, busy: 8, please increase LSAPI_CHILDREN.
[UID:1392][2609665] Reached max children process limit: 6, extra: 2, current: 8, busy: 8, please increase LSAPI_CHILDREN.
[UID:1392][2609665] Reached max children process limit: 6, extra: 2, current: 8, busy: 8, please increase LSAPI_CHILDREN.
[UID:1392][2609665] Reached max children process limit: 6, extra: 2, current: 8, busy: 8, please increase LSAPI_CHILDREN.
[UID:1392][2609665] Reached max children process limit: 6, extra: 2, current: 8, busy: 8, please increase LSAPI_CHILDREN.
[UID:1392][2609665] Reached max children process limit: 6, extra: 2, current: 8, busy: 8, please increase LSAPI_CHILDREN.
[UID:1392][2609665] Reached max children process limit: 6, extra: 2, current: 8, busy: 7, please increase LSAPI_CHILDREN.
[UID:1392][2609665] Reached max children process limit: 6, extra: 2, current: 8, busy: 7, please increase LSAPI_CHILDREN.
[UID:1392][2609665] Reached max children process limit: 6, extra: 2, current: 8, busy: 8, please increase LSAPI_CHILDREN.
[UID:1392][2609665] Reached max children process limit: 6, extra: 2, current: 8, busy: 8, please increase LSAPI_CHILDREN.
[UID:1392][2609665] Reached max children process limit: 6, extra: 2, current: 8, busy: 8, please increase LSAPI_CHILDREN.
[UID:1392][2609665] Reached max children process limit: 6, extra: 2, current: 8, busy: 8, please increase LSAPI_CHILDREN.
[UID:1392][2609665] Reached max children process limit: 6, extra: 2, current: 8, busy: 8, please increase LSAPI_CHILDREN.
[UID:1392][2609665] Reached max children process limit: 6, extra: 2, current: 8, busy: 7, please increase LSAPI_CHILDREN.
[UID:1392][2609665] Reached max children process limit: 6, extra: 2, current: 8, busy: 8, please increase LSAPI_CHILDREN.
[UID:1392][2609665] Reached max children process limit: 6, extra: 2, current: 8, busy: 7, please increase LSAPI_CHILDREN.
WARNING:root:No DATABASE_URL environment variable set, and so no databases setup
WARNING:root:No DATABASE_URL environment variable set, and so no databases setup
Not Found: /favicon.ico
WARNING:django.request:Not Found: /favicon.ico
Not Found: /favicon.ico
WARNING:django.request:Not Found: /favicon.ico
[UID:1392][2613347] Reached max children process limit: 6, extra: 2, current: 8, busy: 7, please increase LSAPI_CHILDREN.
[UID:1392][2613347] Reached max children process limit: 6, extra: 2, current: 8, busy: 8, please increase LSAPI_CHILDREN.
[UID:1392][2613347] Reached max children process limit: 6, extra: 2, current: 8, busy: 8, please increase LSAPI_CHILDREN.
[UID:1392][2613347] Reached max children process limit: 6, extra: 2, current: 8, busy: 8, please increase LSAPI_CHILDREN.
[UID:1392][2613347] Reached max children process limit: 6, extra: 2, current: 8, busy: 8, please increase LSAPI_CHILDREN.
[UID:1392][2613347] Reached max children process limit: 6, extra: 2, current: 8, busy: 8, please increase LSAPI_CHILDREN.
[UID:1392][2613347] Reached max children process limit: 6, extra: 2, current: 8, busy: 8, please increase LSAPI_CHILDREN.
[UID:1392][2613347] Reached max children process limit: 6, extra: 2, current: 8, busy: 8, please increase LSAPI_CHILDREN.
[UID:1392][2613347] Reached max children process limit: 6, extra: 2, current: 8, busy: 8, please increase LSAPI_CHILDREN.
[UID:1392][2613347] Reached max children process limit: 6, extra: 2, current: 8, busy: 8, please increase LSAPI_CHILDREN.
[UID:1392][2613347] Reached max children process limit: 6, extra: 2, current: 8, busy: 8, please increase LSAPI_CHILDREN.
[UID:1392][2613347] Reached max children process limit: 6, extra: 2, current: 8, busy: 7, please increase LSAPI_CHILDREN.
[UID:1392][2613347] Reached max children process limit: 6, extra: 2, current: 8, busy: 7, please increase LSAPI_CHILDREN.
[UID:1392][2613347] Reached max children process limit: 6, extra: 2, current: 8, busy: 7, please increase LSAPI_CHILDREN.
[UID:1392][2613347] Reached max children process limit: 6, extra: 2, current: 8, busy: 8, please increase LSAPI_CHILDREN.
[UID:1392][2613347] Reached max children process limit: 6, extra: 2, current: 8, busy: 8, please increase LSAPI_CHILDREN.
[UID:1392][2613347] Reached max children process limit: 6, extra: 2, current: 8, busy: 8, please increase LSAPI_CHILDREN.
[UID:1392][2613347] Reached max children process limit: 6, extra: 2, current: 8, busy: 8, please increase LSAPI_CHILDREN.
[UID:1392][2613347] Reached max children process limit: 6, extra: 2, current: 8, busy: 8, please increase LSAPI_CHILDREN.
[UID:1392][2613347] Reached max children process limit: 6, extra: 2, current: 8, busy: 8, please increase LSAPI_CHILDREN.
[UID:1392][2613347] Reached max children process limit: 6, extra: 2, current: 8, busy: 8, please increase LSAPI_CHILDREN.
[UID:1392][2613347] Reached max children process limit: 6, extra: 2, current: 8, busy: 8, please increase LSAPI_CHILDREN.
[UID:1392][2613347] Reached max children process limit: 6, extra: 2, current: 8, busy: 8, please increase LSAPI_CHILDREN.
[UID:1392][2613347] Reached max children process limit: 6, extra: 2, current: 8, busy: 8, please increase LSAPI_CHILDREN.
[UID:1392][2613347] Reached max children process limit: 6, extra: 2, current: 8, busy: 8, please increase LSAPI_CHILDREN.
[UID:1392][2613347] Reached max children process limit: 6, extra: 2, current: 8, busy: 8, please increase LSAPI_CHILDREN.
[UID:1392][2613347] Reached max children process limit: 6, extra: 2, current: 8, busy: 8, please increase LSAPI_CHILDREN.
[UID:1392][2613347] Reached max children process limit: 6, extra: 2, current: 8, busy: 8, please increase LSAPI_CHILDREN.
[UID:1392][2613347] Reached max children process limit: 6, extra: 2, current: 8, busy: 8, please increase LSAPI_CHILDREN.
[UID:1392][2613347] Reached max children process limit: 6, extra: 2, current: 8, busy: 8, please increase LSAPI_CHILDREN.
[UID:1392][2613347] Reached max children process limit: 6, extra: 2, current: 8, busy: 7, please increase LSAPI_CHILDREN.
[UID:1392][2613347] Reached max children process limit: 6, extra: 2, current: 8, busy: 8, please increase LSAPI_CHILDREN.
[UID:1392][2613347] Reached max children process limit: 6, extra: 2, current: 8, busy: 8, please increase LSAPI_CHILDREN.
[UID:1392][2613347] Reached max children process limit: 6, extra: 2, current: 8, busy: 8, please increase LSAPI_CHILDREN.
[UID:1392][2613347] Reached max children process limit: 6, extra: 2, current: 8, busy: 8, please increase LSAPI_CHILDREN.
[UID:1392][2613347] Reached max children process limit: 6, extra: 2, current: 8, busy: 8, please increase LSAPI_CHILDREN.
[UID:1392][2613347] Reached max children process limit: 6, extra: 2, current: 8, busy: 8, please increase LSAPI_CHILDREN.
[UID:1392][2613347] Reached max children process limit: 6, extra: 2, current: 8, busy: 8, please increase LSAPI_CHILDREN.
[UID:1392][2613347] Reached max children process limit: 6, extra: 2, current: 8, busy: 8, please increase LSAPI_CHILDREN.
[UID:1392][2613347] Reached max children process limit: 6, extra: 2, current: 8, busy: 7, please increase LSAPI_CHILDREN.
[UID:1392][2613347] Reached max children process limit: 6, extra: 2, current: 8, busy: 8, please increase LSAPI_CHILDREN.
[UID:1392][2613347] Reached max children process limit: 6, extra: 2, current: 8, busy: 8, please increase LSAPI_CHILDREN.
[UID:1392][2613347] Reached max children process limit: 6, extra: 2, current: 8, busy: 8, please increase LSAPI_CHILDREN.
[UID:1392][2613347] Reached max children process limit: 6, extra: 2, current: 8, busy: 8, please increase LSAPI_CHILDREN.
[UID:1392][2613347] Reached max children process limit: 6, extra: 2, current: 8, busy: 8, please increase LSAPI_CHILDREN.
[UID:1392][2613347] Reached max children process limit: 6, extra: 2, current: 8, busy: 7, please increase LSAPI_CHILDREN.
[UID:1392][2613347] Reached max children process limit: 6, extra: 2, current: 8, busy: 8, please increase LSAPI_CHILDREN.
[UID:1392][2613347] Reached max children process limit: 6, extra: 2, current: 8, busy: 8, please increase LSAPI_CHILDREN.
[UID:1392][2613347] Reached max children process limit: 6, extra: 2, current: 8, busy: 8, please increase LSAPI_CHILDREN.
WARNING:root:No DATABASE_URL environment variable set, and so no databases setup
WARNING:root:No DATABASE_URL environment variable set, and so no databases setup
Not Found: /favicon.ico
WARNING:django.request:Not Found: /favicon.ico
WARNING:root:No DATABASE_URL environment variable set, and so no databases setup
WARNING:root:No DATABASE_URL environment variable set, and so no databases setup
WARNING:root:No DATABASE_URL environment variable set, and so no databases setup
WARNING:root:No DATABASE_URL environment variable set, and so no databases setup
WARNING:root:No DATABASE_URL environment variable set, and so no databases setup
WARNING:root:No DATABASE_URL environment variable set, and so no databases setup
WARNING:root:No DATABASE_URL environment variable set, and so no databases setup
WARNING:root:No DATABASE_URL environment variable set, and so no databases setup
Not Found: /favicon.ico
WARNING:django.request:Not Found: /favicon.ico
Not Found: /favicon.ico
WARNING:django.request:Not Found: /favicon.ico
WARNING:root:No DATABASE_URL environment variable set, and so no databases setup
Not Found: /favicon.ico
WARNING:django.request:Not Found: /favicon.ico
WARNING:root:No DATABASE_URL environment variable set, and so no databases setup
WARNING:root:No DATABASE_URL environment variable set, and so no databases setup
Not Found: /favicon.ico
WARNING:django.request:Not Found: /favicon.ico
WARNING:root:No DATABASE_URL environment variable set, and so no databases setup
WARNING:root:No DATABASE_URL environment variable set, and so no databases setup
WARNING:root:No DATABASE_URL environment variable set, and so no databases setup
Not Found: /robots.txt
WARNING:django.request:Not Found: /robots.txt
WARNING:root:No DATABASE_URL environment variable set, and so no databases setup
Not Found: /robots.txt
WARNING:django.request:Not Found: /robots.txt
WARNING:root:No DATABASE_URL environment variable set, and so no databases setup
WARNING:root:No DATABASE_URL environment variable set, and so no databases setup
WARNING:root:No DATABASE_URL environment variable set, and so no databases setup
Not Found: /favicon.ico
WARNING:django.request:Not Found: /favicon.ico
WARNING:root:No DATABASE_URL environment variable set, and so no databases setup
Not Found: /favicon.ico
WARNING:django.request:Not Found: /favicon.ico
[UID:1392][1119842] Reached max children process limit: 6, extra: 2, current: 8, busy: 8, please increase LSAPI_CHILDREN.
[UID:1392][1119842] Reached max children process limit: 6, extra: 2, current: 8, busy: 8, please increase LSAPI_CHILDREN.
[UID:1392][1119842] Reached max children process limit: 6, extra: 2, current: 8, busy: 8, please increase LSAPI_CHILDREN.
[UID:1392][1119842] Reached max children process limit: 6, extra: 2, current: 8, busy: 8, please increase LSAPI_CHILDREN.
[UID:1392][1119842] Reached max children process limit: 6, extra: 2, current: 8, busy: 8, please increase LSAPI_CHILDREN.
[UID:1392][1119842] Reached max children process limit: 6, extra: 2, current: 8, busy: 8, please increase LSAPI_CHILDREN.
[UID:1392][1119842] Reached max children process limit: 6, extra: 2, current: 8, busy: 8, please increase LSAPI_CHILDREN.
[UID:1392][1119842] Reached max children process limit: 6, extra: 2, current: 8, busy: 8, please increase LSAPI_CHILDREN.
[UID:1392][1119842] Reached max children process limit: 6, extra: 2, current: 8, busy: 8, please increase LSAPI_CHILDREN.
[UID:1392][1119842] Reached max children process limit: 6, extra: 2, current: 8, busy: 8, please increase LSAPI_CHILDREN.
[UID:1392][1119842] Reached max children process limit: 6, extra: 2, current: 8, busy: 8, please increase LSAPI_CHILDREN.
[UID:1392][1119842] Reached max children process limit: 6, extra: 2, current: 8, busy: 8, please increase LSAPI_CHILDREN.
[UID:1392][1119842] Reached max children process limit: 6, extra: 2, current: 8, busy: 8, please increase LSAPI_CHILDREN.
Not Found: /favicon.ico
WARNING:django.request:Not Found: /favicon.ico
WARNING:root:No DATABASE_URL environment variable set, and so no databases setup
WARNING:root:No DATABASE_URL environment variable set, and so no databases setup
Not Found: /favicon.ico
WARNING:django.request:Not Found: /favicon.ico
WARNING:root:No DATABASE_URL environment variable set, and so no databases setup
WARNING:root:No DATABASE_URL environment variable set, and so no databases setup
WARNING:root:No DATABASE_URL environment variable set, and so no databases setup
WARNING:root:No DATABASE_URL environment variable set, and so no databases setup
WARNING:root:No DATABASE_URL environment variable set, and so no databases setup
WARNING:root:No DATABASE_URL environment variable set, and so no databases setup
Not Found: /robots.txt
WARNING:django.request:Not Found: /robots.txt
Not Found: /page/about-us/
WARNING:django.request:Not Found: /page/about-us/
Not Found: /page/contact/
WARNING:django.request:Not Found: /page/contact/
WARNING:root:No DATABASE_URL environment variable set, and so no databases setup
WARNING:root:No DATABASE_URL environment variable set, and so no databases setup
Not Found: /favicon.ico
WARNING:django.request:Not Found: /favicon.ico
Not Found: /favicon.ico
WARNING:django.request:Not Found: /favicon.ico
[UID:1392][3174852] Reached max children process limit: 6, extra: 2, current: 8, busy: 8, please increase LSAPI_CHILDREN.
[UID:1392][3174852] Reached max children process limit: 6, extra: 2, current: 8, busy: 8, please increase LSAPI_CHILDREN.
[UID:1392][3174852] Reached max children process limit: 6, extra: 2, current: 8, busy: 8, please increase LSAPI_CHILDREN.
[UID:1392][3174852] Reached max children process limit: 6, extra: 2, current: 8, busy: 8, please increase LSAPI_CHILDREN.
[UID:1392][3174852] Reached max children process limit: 6, extra: 2, current: 8, busy: 8, please increase LSAPI_CHILDREN.
[UID:1392][3174852] Reached max children process limit: 6, extra: 2, current: 8, busy: 8, please increase LSAPI_CHILDREN.
Not Found: /favicon.ico
WARNING:django.request:Not Found: /favicon.ico
[UID:1392][3174852] Reached max children process limit: 6, extra: 2, current: 8, busy: 8, please increase LSAPI_CHILDREN.
[UID:1392][3174852] Reached max children process limit: 6, extra: 2, current: 8, busy: 8, please increase LSAPI_CHILDREN.
[UID:1392][3174852] Reached max children process limit: 6, extra: 2, current: 8, busy: 8, please increase LSAPI_CHILDREN.
[UID:1392][3174852] Reached max children process limit: 6, extra: 2, current: 8, busy: 8, please increase LSAPI_CHILDREN.
[UID:1392][3174852] Reached max children process limit: 6, extra: 2, current: 8, busy: 8, please increase LSAPI_CHILDREN.
[UID:1392][3174852] Reached max children process limit: 6, extra: 2, current: 8, busy: 8, please increase LSAPI_CHILDREN.
[UID:1392][3174852] Reached max children process limit: 6, extra: 2, current: 8, busy: 8, please increase LSAPI_CHILDREN.
[UID:1392][3174852] Reached max children process limit: 6, extra: 2, current: 8, busy: 8, please increase LSAPI_CHILDREN.
Not Found: /robots.txt
WARNING:django.request:Not Found: /robots.txt
Not Found: /favicon.ico
WARNING:django.request:Not Found: /favicon.ico
Not Found: /favicon.ico
WARNING:django.request:Not Found: /favicon.ico
Not Found: /favicon.ico
WARNING:django.request:Not Found: /favicon.ico
WARNING:root:No DATABASE_URL environment variable set, and so no databases setup
WARNING:root:No DATABASE_URL environment variable set, and so no databases setup
WARNING:root:No DATABASE_URL environment variable set, and so no databases setup
WARNING:root:No DATABASE_URL environment variable set, and so no databases setup
Not Found: /favicon.ico
WARNING:django.request:Not Found: /favicon.ico
WARNING:root:No DATABASE_URL environment variable set, and so no databases setup
WARNING:root:No DATABASE_URL environment variable set, and so no databases setup
WARNING:root:No DATABASE_URL environment variable set, and so no databases setup
Not Found: /favicon.ico
WARNING:django.request:Not Found: /favicon.ico
WARNING:root:No DATABASE_URL environment variable set, and so no databases setup
Not Found: /favicon.ico
WARNING:django.request:Not Found: /favicon.ico
[UID:1392][20238] Reached max children process limit: 6, extra: 2, current: 8, busy: 8, please increase LSAPI_CHILDREN.
[UID:1392][20238] Reached max children process limit: 6, extra: 2, current: 8, busy: 8, please increase LSAPI_CHILDREN.
[UID:1392][20238] Reached max children process limit: 6, extra: 2, current: 8, busy: 8, please increase LSAPI_CHILDREN.
[UID:1392][20238] Reached max children process limit: 6, extra: 2, current: 8, busy: 8, please increase LSAPI_CHILDREN.
[UID:1392][20238] Reached max children process limit: 6, extra: 2, current: 8, busy: 8, please increase LSAPI_CHILDREN.
[UID:1392][20238] Reached max children process limit: 6, extra: 2, current: 8, busy: 8, please increase LSAPI_CHILDREN.
[UID:1392][20238] Reached max children process limit: 6, extra: 2, current: 8, busy: 8, please increase LSAPI_CHILDREN.
[UID:1392][20238] Reached max children process limit: 6, extra: 2, current: 8, busy: 8, please increase LSAPI_CHILDREN.
[UID:1392][20238] Reached max children process limit: 6, extra: 2, current: 8, busy: 8, please increase LSAPI_CHILDREN.
[UID:1392][20238] Reached max children process limit: 6, extra: 2, current: 8, busy: 8, please increase LSAPI_CHILDREN.
[UID:1392][20238] Reached max children process limit: 6, extra: 2, current: 8, busy: 8, please increase LSAPI_CHILDREN.
[UID:1392][20238] Reached max children process limit: 6, extra: 2, current: 8, busy: 8, please increase LSAPI_CHILDREN.
[UID:1392][20238] Reached max children process limit: 6, extra: 2, current: 8, busy: 8, please increase LSAPI_CHILDREN.
[UID:1392][20238] Reached max children process limit: 6, extra: 2, current: 8, busy: 8, please increase LSAPI_CHILDREN.
[UID:1392][20238] Reached max children process limit: 6, extra: 2, current: 8, busy: 8, please increase LSAPI_CHILDREN.
[UID:1392][20238] Reached max children process limit: 6, extra: 2, current: 8, busy: 8, please increase LSAPI_CHILDREN.
[UID:1392][20238] Reached max children process limit: 6, extra: 2, current: 8, busy: 8, please increase LSAPI_CHILDREN.
[UID:1392][20238] Reached max children process limit: 6, extra: 2, current: 8, busy: 8, please increase LSAPI_CHILDREN.
[UID:1392][20238] Reached max children process limit: 6, extra: 2, current: 8, busy: 8, please increase LSAPI_CHILDREN.
[UID:1392][20238] Reached max children process limit: 6, extra: 2, current: 8, busy: 8, please increase LSAPI_CHILDREN.
[UID:1392][20238] Reached max children process limit: 6, extra: 2, current: 8, busy: 8, please increase LSAPI_CHILDREN.
[UID:1392][20238] Reached max children process limit: 6, extra: 2, current: 8, busy: 8, please increase LSAPI_CHILDREN.
[UID:1392][20238] Reached max children process limit: 6, extra: 2, current: 8, busy: 8, please increase LSAPI_CHILDREN.
[UID:1392][20238] Reached max children process limit: 6, extra: 2, current: 8, busy: 8, please increase LSAPI_CHILDREN.
[UID:1392][20238] Reached max children process limit: 6, extra: 2, current: 8, busy: 7, please increase LSAPI_CHILDREN.
[UID:1392][20238] Reached max children process limit: 6, extra: 2, current: 8, busy: 7, please increase LSAPI_CHILDREN.
[UID:1392][20238] Reached max children process limit: 6, extra: 2, current: 8, busy: 8, please increase LSAPI_CHILDREN.
[UID:1392][20238] Reached max children process limit: 6, extra: 2, current: 8, busy: 8, please increase LSAPI_CHILDREN.
[UID:1392][20238] Reached max children process limit: 6, extra: 2, current: 8, busy: 8, please increase LSAPI_CHILDREN.
[UID:1392][20238] Reached max children process limit: 6, extra: 2, current: 8, busy: 8, please increase LSAPI_CHILDREN.
[UID:1392][20238] Reached max children process limit: 6, extra: 2, current: 8, busy: 8, please increase LSAPI_CHILDREN.
[UID:1392][20238] Reached max children process limit: 6, extra: 2, current: 8, busy: 7, please increase LSAPI_CHILDREN.
[UID:1392][20238] Reached max children process limit: 6, extra: 2, current: 8, busy: 8, please increase LSAPI_CHILDREN.
[UID:1392][20238] Reached max children process limit: 6, extra: 2, current: 8, busy: 8, please increase LSAPI_CHILDREN.
[UID:1392][20238] Reached max children process limit: 6, extra: 2, current: 8, busy: 8, please increase LSAPI_CHILDREN.
[UID:1392][20238] Reached max children process limit: 6, extra: 2, current: 8, busy: 8, please increase LSAPI_CHILDREN.
[UID:1392][20238] Reached max children process limit: 6, extra: 2, current: 8, busy: 8, please increase LSAPI_CHILDREN.
[UID:1392][20238] Reached max children process limit: 6, extra: 2, current: 8, busy: 8, please increase LSAPI_CHILDREN.
[UID:1392][20238] Reached max children process limit: 6, extra: 2, current: 8, busy: 8, please increase LSAPI_CHILDREN.
[UID:1392][20238] Reached max children process limit: 6, extra: 2, current: 8, busy: 8, please increase LSAPI_CHILDREN.
WARNING:root:No DATABASE_URL environment variable set, and so no databases setup
WARNING:root:No DATABASE_URL environment variable set, and so no databases setup
WARNING:root:No DATABASE_URL environment variable set, and so no databases setup
WARNING:root:No DATABASE_URL environment variable set, and so no databases setup
WARNING:root:No DATABASE_URL environment variable set, and so no databases setup
WARNING:root:No DATABASE_URL environment variable set, and so no databases setup
WARNING:root:No DATABASE_URL environment variable set, and so no databases setup
WARNING:root:No DATABASE_URL environment variable set, and so no databases setup
WARNING:root:No DATABASE_URL environment variable set, and so no databases setup
WARNING:root:No DATABASE_URL environment variable set, and so no databases setup
WARNING:root:No DATABASE_URL environment variable set, and so no databases setup
WARNING:root:No DATABASE_URL environment variable set, and so no databases setup
Not Found: /robots.txt
WARNING:django.request:Not Found: /robots.txt
WARNING:root:No DATABASE_URL environment variable set, and so no databases setup
Not Found: /favicon.ico
WARNING:django.request:Not Found: /favicon.ico
WARNING:root:No DATABASE_URL environment variable set, and so no databases setup
WARNING:root:No DATABASE_URL environment variable set, and so no databases setup
WARNING:root:No DATABASE_URL environment variable set, and so no databases setup
Not Found: /favicon.ico
WARNING:django.request:Not Found: /favicon.ico
[UID:1392][2091104] Reached max children process limit: 6, extra: 2, current: 8, busy: 8, please increase LSAPI_CHILDREN.
WARNING:root:No DATABASE_URL environment variable set, and so no databases setup
WARNING:root:No DATABASE_URL environment variable set, and so no databases setup
Not Found: /favicon.ico
WARNING:django.request:Not Found: /favicon.ico
WARNING:root:No DATABASE_URL environment variable set, and so no databases setup
WARNING:root:No DATABASE_URL environment variable set, and so no databases setup
Not Found: /favicon.ico
WARNING:django.request:Not Found: /favicon.ico
WARNING:root:No DATABASE_URL environment variable set, and so no databases setup
Not Found: /favicon.ico
WARNING:django.request:Not Found: /favicon.ico
Not Found: /robots.txt
WARNING:django.request:Not Found: /robots.txt
WARNING:root:No DATABASE_URL environment variable set, and so no databases setup
WARNING:root:No DATABASE_URL environment variable set, and so no databases setup
WARNING:root:No DATABASE_URL environment variable set, and so no databases setup
WARNING:root:No DATABASE_URL environment variable set, and so no databases setup
Not Found: /robots.txt
WARNING:django.request:Not Found: /robots.txt
WARNING:root:No DATABASE_URL environment variable set, and so no databases setup
WARNING:root:No DATABASE_URL environment variable set, and so no databases setup
Not Found: /page/privacy-policy/
WARNING:django.request:Not Found: /page/privacy-policy/
WARNING:root:No DATABASE_URL environment variable set, and so no databases setup
WARNING:root:No DATABASE_URL environment variable set, and so no databases setup
WARNING:root:No DATABASE_URL environment variable set, and so no databases setup
WARNING:root:No DATABASE_URL environment variable set, and so no databases setup
Not Found: /robots.txt
WARNING:django.request:Not Found: /robots.txt
WARNING:root:No DATABASE_URL environment variable set, and so no databases setup
WARNING:root:No DATABASE_URL environment variable set, and so no databases setup
Not Found: /favicon.ico
WARNING:django.request:Not Found: /favicon.ico
WARNING:root:No DATABASE_URL environment variable set, and so no databases setup
Not Found: /robots.txt
WARNING:django.request:Not Found: /robots.txt
Not Found: /robots.txt
WARNING:django.request:Not Found: /robots.txt
WARNING:root:No DATABASE_URL environment variable set, and so no databases setup
WARNING:root:No DATABASE_URL environment variable set, and so no databases setup
WARNING:root:No DATABASE_URL environment variable set, and so no databases setup
WARNING:root:No DATABASE_URL environment variable set, and so no databases setup
Not Found: /page/about-us/
WARNING:django.request:Not Found: /page/about-us/
WARNING:root:No DATABASE_URL environment variable set, and so no databases setup
WARNING:root:No DATABASE_URL environment variable set, and so no databases setup
WARNING:root:No DATABASE_URL environment variable set, and so no databases setup
WARNING:root:No DATABASE_URL environment variable set, and so no databases setup
WARNING:root:No DATABASE_URL environment variable set, and so no databases setup
WARNING:root:No DATABASE_URL environment variable set, and so no databases setup
WARNING:root:No DATABASE_URL environment variable set, and so no databases setup
WARNING:root:No DATABASE_URL environment variable set, and so no databases setup
WARNING:root:No DATABASE_URL environment variable set, and so no databases setup
WARNING:root:No DATABASE_URL environment variable set, and so no databases setup
WARNING:root:No DATABASE_URL environment variable set, and so no databases setup
WARNING:root:No DATABASE_URL environment variable set, and so no databases setup
WARNING:root:No DATABASE_URL environment variable set, and so no databases setup
WARNING:root:No DATABASE_URL environment variable set, and so no databases setup
WARNING:root:No DATABASE_URL environment variable set, and so no databases setup
WARNING:root:No DATABASE_URL environment variable set, and so no databases setup
WARNING:root:No DATABASE_URL environment variable set, and so no databases setup
Not Found: /page/contact/
WARNING:django.request:Not Found: /page/contact/
WARNING:root:No DATABASE_URL environment variable set, and so no databases setup
WARNING:root:No DATABASE_URL environment variable set, and so no databases setup
WARNING:root:No DATABASE_URL environment variable set, and so no databases setup
WARNING:root:No DATABASE_URL environment variable set, and so no databases setup
Not Found: /robots.txt
WARNING:django.request:Not Found: /robots.txt
WARNING:root:No DATABASE_URL environment variable set, and so no databases setup
WARNING:root:No DATABASE_URL environment variable set, and so no databases setup
WARNING:root:No DATABASE_URL environment variable set, and so no databases setup
WARNING:root:No DATABASE_URL environment variable set, and so no databases setup
WARNING:root:No DATABASE_URL environment variable set, and so no databases setup
WARNING:root:No DATABASE_URL environment variable set, and so no databases setup
[UID:1392][3014901] Child process with pid: 3015059 was killed by signal: 9, core dumped: no
WARNING:root:No DATABASE_URL environment variable set, and so no databases setup
WARNING:root:No DATABASE_URL environment variable set, and so no databases setup
WARNING:root:No DATABASE_URL environment variable set, and so no databases setup
Not Found: /favicon.ico
WARNING:django.request:Not Found: /favicon.ico
[UID:1392][163757] Reached max children process limit: 6, extra: 2, current: 8, busy: 8, please increase LSAPI_CHILDREN.
[UID:1392][163757] Reached max children process limit: 6, extra: 2, current: 8, busy: 8, please increase LSAPI_CHILDREN.
[UID:1392][163757] Reached max children process limit: 6, extra: 2, current: 8, busy: 8, please increase LSAPI_CHILDREN.
[UID:1392][163757] Reached max children process limit: 6, extra: 2, current: 8, busy: 8, please increase LSAPI_CHILDREN.
[UID:1392][163757] Reached max children process limit: 6, extra: 2, current: 8, busy: 8, please increase LSAPI_CHILDREN.
[UID:1392][163757] Reached max children process limit: 6, extra: 2, current: 8, busy: 8, please increase LSAPI_CHILDREN.
[UID:1392][163757] Reached max children process limit: 6, extra: 2, current: 8, busy: 7, please increase LSAPI_CHILDREN.
[UID:1392][163757] Reached max children process limit: 6, extra: 2, current: 8, busy: 7, please increase LSAPI_CHILDREN.
[UID:1392][163757] Reached max children process limit: 6, extra: 2, current: 8, busy: 8, please increase LSAPI_CHILDREN.
[UID:1392][163757] Reached max children process limit: 6, extra: 2, current: 8, busy: 8, please increase LSAPI_CHILDREN.
[UID:1392][163757] Reached max children process limit: 6, extra: 2, current: 8, busy: 7, please increase LSAPI_CHILDREN.
[UID:1392][163757] Reached max children process limit: 6, extra: 2, current: 8, busy: 8, please increase LSAPI_CHILDREN.
[UID:1392][163757] Reached max children process limit: 6, extra: 2, current: 8, busy: 8, please increase LSAPI_CHILDREN.
[UID:1392][163757] Reached max children process limit: 6, extra: 2, current: 8, busy: 8, please increase LSAPI_CHILDREN.
[UID:1392][163757] Reached max children process limit: 6, extra: 2, current: 8, busy: 8, please increase LSAPI_CHILDREN.
[UID:1392][163757] Reached max children process limit: 6, extra: 2, current: 8, busy: 8, please increase LSAPI_CHILDREN.
[UID:1392][163757] Reached max children process limit: 6, extra: 2, current: 8, busy: 8, please increase LSAPI_CHILDREN.
Not Found: /favicon.ico
WARNING:django.request:Not Found: /favicon.ico
WARNING:root:No DATABASE_URL environment variable set, and so no databases setup
Not Found: /robots.txt
WARNING:django.request:Not Found: /robots.txt
WARNING:root:No DATABASE_URL environment variable set, and so no databases setup
WARNING:root:No DATABASE_URL environment variable set, and so no databases setup
WARNING:root:No DATABASE_URL environment variable set, and so no databases setup
WARNING:root:No DATABASE_URL environment variable set, and so no databases setup
WARNING:root:No DATABASE_URL environment variable set, and so no databases setup
Not Found: /robots.txt
WARNING:django.request:Not Found: /robots.txt
WARNING:root:No DATABASE_URL environment variable set, and so no databases setup
WARNING:root:No DATABASE_URL environment variable set, and so no databases setup
WARNING:root:No DATABASE_URL environment variable set, and so no databases setup
WARNING:root:No DATABASE_URL environment variable set, and so no databases setup
WARNING:root:No DATABASE_URL environment variable set, and so no databases setup
WARNING:root:No DATABASE_URL environment variable set, and so no databases setup
WARNING:root:No DATABASE_URL environment variable set, and so no databases setup
Not Found: /robots.txt
WARNING:django.request:Not Found: /robots.txt
WARNING:root:No DATABASE_URL environment variable set, and so no databases setup
WARNING:root:No DATABASE_URL environment variable set, and so no databases setup
Not Found: /robots.txt
WARNING:django.request:Not Found: /robots.txt
Not Found: /page/contact/
WARNING:django.request:Not Found: /page/contact/
WARNING:root:No DATABASE_URL environment variable set, and so no databases setup
WARNING:root:No DATABASE_URL environment variable set, and so no databases setup
WARNING:root:No DATABASE_URL environment variable set, and so no databases setup
WARNING:root:No DATABASE_URL environment variable set, and so no databases setup
WARNING:root:No DATABASE_URL environment variable set, and so no databases setup
WARNING:root:No DATABASE_URL environment variable set, and so no databases setup
Not Found: /robots.txt
WARNING:django.request:Not Found: /robots.txt
WARNING:root:No DATABASE_URL environment variable set, and so no databases setup
Not Found: /page/privacy-policy/
WARNING:django.request:Not Found: /page/privacy-policy/
Not Found: /robots.txt
WARNING:django.request:Not Found: /robots.txt
WARNING:root:No DATABASE_URL environment variable set, and so no databases setup
WARNING:root:No DATABASE_URL environment variable set, and so no databases setup
WARNING:root:No DATABASE_URL environment variable set, and so no databases setup
WARNING:root:No DATABASE_URL environment variable set, and so no databases setup
WARNING:root:No DATABASE_URL environment variable set, and so no databases setup
WARNING:root:No DATABASE_URL environment variable set, and so no databases setup
WARNING:root:No DATABASE_URL environment variable set, and so no databases setup
WARNING:root:No DATABASE_URL environment variable set, and so no databases setup
WARNING:root:No DATABASE_URL environment variable set, and so no databases setup
WARNING:root:No DATABASE_URL environment variable set, and so no databases setup
WARNING:root:No DATABASE_URL environment variable set, and so no databases setup
WARNING:root:No DATABASE_URL environment variable set, and so no databases setup
Not Found: /robots.txt
WARNING:django.request:Not Found: /robots.txt
WARNING:root:No DATABASE_URL environment variable set, and so no databases setup
WARNING:root:No DATABASE_URL environment variable set, and so no databases setup
[UID:1392][3634259] Child process with pid: 3634483 was killed by signal: 15, core dumped: no
Not Found: /robots.txt
WARNING:django.request:Not Found: /robots.txt
WARNING:root:No DATABASE_URL environment variable set, and so no databases setup
Not Found: /robots.txt
WARNING:django.request:Not Found: /robots.txt
WARNING:root:No DATABASE_URL environment variable set, and so no databases setup
WARNING:root:No DATABASE_URL environment variable set, and so no databases setup
Not Found: /favicon.ico
WARNING:django.request:Not Found: /favicon.ico
WARNING:root:No DATABASE_URL environment variable set, and so no databases setup
Not Found: /favicon.ico
WARNING:django.request:Not Found: /favicon.ico
WARNING:root:No DATABASE_URL environment variable set, and so no databases setup
WARNING:root:No DATABASE_URL environment variable set, and so no databases setup
WARNING:root:No DATABASE_URL environment variable set, and so no databases setup
Not Found: /robots.txt
WARNING:django.request:Not Found: /robots.txt
Not Found: /page/about-us/
WARNING:django.request:Not Found: /page/about-us/
WARNING:root:No DATABASE_URL environment variable set, and so no databases setup
WARNING:root:No DATABASE_URL environment variable set, and so no databases setup
WARNING:root:No DATABASE_URL environment variable set, and so no databases setup
WARNING:root:No DATABASE_URL environment variable set, and so no databases setup
WARNING:root:No DATABASE_URL environment variable set, and so no databases setup
WARNING:root:No DATABASE_URL environment variable set, and so no databases setup
WARNING:root:No DATABASE_URL environment variable set, and so no databases setup
WARNING:root:No DATABASE_URL environment variable set, and so no databases setup
WARNING:root:No DATABASE_URL environment variable set, and so no databases setup
WARNING:root:No DATABASE_URL environment variable set, and so no databases setup
WARNING:root:No DATABASE_URL environment variable set, and so no databases setup
WARNING:root:No DATABASE_URL environment variable set, and so no databases setup
WARNING:root:No DATABASE_URL environment variable set, and so no databases setup
WARNING:root:No DATABASE_URL environment variable set, and so no databases setup
WARNING:root:No DATABASE_URL environment variable set, and so no databases setup
WARNING:root:No DATABASE_URL environment variable set, and so no databases setup
WARNING:root:No DATABASE_URL environment variable set, and so no databases setup
WARNING:root:No DATABASE_URL environment variable set, and so no databases setup
WARNING:root:No DATABASE_URL environment variable set, and so no databases setup
WARNING:root:No DATABASE_URL environment variable set, and so no databases setup
WARNING:root:No DATABASE_URL environment variable set, and so no databases setup
Not Found: /favicon.ico
WARNING:django.request:Not Found: /favicon.ico
WARNING:root:No DATABASE_URL environment variable set, and so no databases setup
WARNING:root:No DATABASE_URL environment variable set, and so no databases setup
Not Found: /robots.txt
WARNING:django.request:Not Found: /robots.txt
WARNING:root:No DATABASE_URL environment variable set, and so no databases setup
WARNING:root:No DATABASE_URL environment variable set, and so no databases setup
WARNING:root:No DATABASE_URL environment variable set, and so no databases setup
WARNING:root:No DATABASE_URL environment variable set, and so no databases setup
WARNING:root:No DATABASE_URL environment variable set, and so no databases setup
WARNING:root:No DATABASE_URL environment variable set, and so no databases setup
WARNING:root:No DATABASE_URL environment variable set, and so no databases setup
WARNING:root:No DATABASE_URL environment variable set, and so no databases setup
WARNING:root:No DATABASE_URL environment variable set, and so no databases setup
WARNING:root:No DATABASE_URL environment variable set, and so no databases setup
WARNING:root:No DATABASE_URL environment variable set, and so no databases setup
WARNING:root:No DATABASE_URL environment variable set, and so no databases setup
WARNING:root:No DATABASE_URL environment variable set, and so no databases setup
WARNING:root:No DATABASE_URL environment variable set, and so no databases setup
Not Found: /robots.txt
WARNING:django.request:Not Found: /robots.txt
WARNING:root:No DATABASE_URL environment variable set, and so no databases setup
WARNING:root:No DATABASE_URL environment variable set, and so no databases setup
WARNING:root:No DATABASE_URL environment variable set, and so no databases setup
Not Found: /robots.txt
WARNING:django.request:Not Found: /robots.txt
WARNING:root:No DATABASE_URL environment variable set, and so no databases setup
WARNING:root:No DATABASE_URL environment variable set, and so no databases setup
WARNING:root:No DATABASE_URL environment variable set, and so no databases setup
WARNING:root:No DATABASE_URL environment variable set, and so no databases setup
WARNING:root:No DATABASE_URL environment variable set, and so no databases setup
Not Found: /robots.txt
WARNING:django.request:Not Found: /robots.txt
WARNING:root:No DATABASE_URL environment variable set, and so no databases setup
WARNING:root:No DATABASE_URL environment variable set, and so no databases setup
WARNING:root:No DATABASE_URL environment variable set, and so no databases setup
WARNING:root:No DATABASE_URL environment variable set, and so no databases setup
WARNING:root:No DATABASE_URL environment variable set, and so no databases setup
WARNING:root:No DATABASE_URL environment variable set, and so no databases setup
WARNING:root:No DATABASE_URL environment variable set, and so no databases setup
WARNING:root:No DATABASE_URL environment variable set, and so no databases setup
WARNING:root:No DATABASE_URL environment variable set, and so no databases setup
WARNING:root:No DATABASE_URL environment variable set, and so no databases setup
WARNING:root:No DATABASE_URL environment variable set, and so no databases setup
WARNING:root:No DATABASE_URL environment variable set, and so no databases setup
WARNING:root:No DATABASE_URL environment variable set, and so no databases setup
Not Found: /favicon.ico
WARNING:django.request:Not Found: /favicon.ico
WARNING:root:No DATABASE_URL environment variable set, and so no databases setup
Not Found: /robots.txt
WARNING:django.request:Not Found: /robots.txt
WARNING:root:No DATABASE_URL environment variable set, and so no databases setup
Not Found: /favicon.ico
WARNING:django.request:Not Found: /favicon.ico
WARNING:root:No DATABASE_URL environment variable set, and so no databases setup
WARNING:root:No DATABASE_URL environment variable set, and so no databases setup
WARNING:root:No DATABASE_URL environment variable set, and so no databases setup
WARNING:root:No DATABASE_URL environment variable set, and so no databases setup
Not Found: /robots.txt
WARNING:django.request:Not Found: /robots.txt
Not Found: /favicon.ico
WARNING:django.request:Not Found: /favicon.ico
WARNING:root:No DATABASE_URL environment variable set, and so no databases setup
WARNING:root:No DATABASE_URL environment variable set, and so no databases setup
Not Found: /robots.txt
WARNING:django.request:Not Found: /robots.txt
WARNING:root:No DATABASE_URL environment variable set, and so no databases setup
WARNING:root:No DATABASE_URL environment variable set, and so no databases setup
Not Found: /page/privacy-policy/
WARNING:django.request:Not Found: /page/privacy-policy/
Not Found: /robots.txt
WARNING:django.request:Not Found: /robots.txt
Not Found: /page/about-us/
WARNING:django.request:Not Found: /page/about-us/
WARNING:root:No DATABASE_URL environment variable set, and so no databases setup
WARNING:root:No DATABASE_URL environment variable set, and so no databases setup
WARNING:root:No DATABASE_URL environment variable set, and so no databases setup
WARNING:root:No DATABASE_URL environment variable set, and so no databases setup
WARNING:root:No DATABASE_URL environment variable set, and so no databases setup
Not Found: /robots.txt
WARNING:django.request:Not Found: /robots.txt
WARNING:root:No DATABASE_URL environment variable set, and so no databases setup
WARNING:root:No DATABASE_URL environment variable set, and so no databases setup
Not Found: /robots.txt
WARNING:django.request:Not Found: /robots.txt
WARNING:root:No DATABASE_URL environment variable set, and so no databases setup
WARNING:root:No DATABASE_URL environment variable set, and so no databases setup
Not Found: /robots.txt
WARNING:django.request:Not Found: /robots.txt
Not Found: /robots.txt
WARNING:django.request:Not Found: /robots.txt
WARNING:root:No DATABASE_URL environment variable set, and so no databases setup
WARNING:root:No DATABASE_URL environment variable set, and so no databases setup
WARNING:root:No DATABASE_URL environment variable set, and so no databases setup
WARNING:root:No DATABASE_URL environment variable set, and so no databases setup
Not Found: /robots.txt
WARNING:django.request:Not Found: /robots.txt
WARNING:root:No DATABASE_URL environment variable set, and so no databases setup
WARNING:root:No DATABASE_URL environment variable set, and so no databases setup
WARNING:root:No DATABASE_URL environment variable set, and so no databases setup
WARNING:root:No DATABASE_URL environment variable set, and so no databases setup
Not Found: /robots.txt
WARNING:django.request:Not Found: /robots.txt
Not Found: /robots.txt
WARNING:django.request:Not Found: /robots.txt
Not Found: /robots.txt
WARNING:django.request:Not Found: /robots.txt
WARNING:root:No DATABASE_URL environment variable set, and so no databases setup
WARNING:root:No DATABASE_URL environment variable set, and so no databases setup
WARNING:root:No DATABASE_URL environment variable set, and so no databases setup
WARNING:root:No DATABASE_URL environment variable set, and so no databases setup
WARNING:root:No DATABASE_URL environment variable set, and so no databases setup
WARNING:root:No DATABASE_URL environment variable set, and so no databases setup
WARNING:root:No DATABASE_URL environment variable set, and so no databases setup
WARNING:root:No DATABASE_URL environment variable set, and so no databases setup
WARNING:root:No DATABASE_URL environment variable set, and so no databases setup
WARNING:root:No DATABASE_URL environment variable set, and so no databases setup
WARNING:root:No DATABASE_URL environment variable set, and so no databases setup
WARNING:root:No DATABASE_URL environment variable set, and so no databases setup
WARNING:root:No DATABASE_URL environment variable set, and so no databases setup
WARNING:root:No DATABASE_URL environment variable set, and so no databases setup
Not Found: /favicon.ico
WARNING:django.request:Not Found: /favicon.ico
WARNING:root:No DATABASE_URL environment variable set, and so no databases setup
WARNING:root:No DATABASE_URL environment variable set, and so no databases setup
Not Found: /robots.txt
WARNING:django.request:Not Found: /robots.txt
WARNING:root:No DATABASE_URL environment variable set, and so no databases setup
WARNING:root:No DATABASE_URL environment variable set, and so no databases setup
WARNING:root:No DATABASE_URL environment variable set, and so no databases setup
WARNING:root:No DATABASE_URL environment variable set, and so no databases setup
WARNING:root:No DATABASE_URL environment variable set, and so no databases setup
WARNING:root:No DATABASE_URL environment variable set, and so no databases setup
WARNING:root:No DATABASE_URL environment variable set, and so no databases setup
Not Found: /favicon.ico
WARNING:django.request:Not Found: /favicon.ico
WARNING:root:No DATABASE_URL environment variable set, and so no databases setup
WARNING:root:No DATABASE_URL environment variable set, and so no databases setup
WARNING:root:No DATABASE_URL environment variable set, and so no databases setup
WARNING:root:No DATABASE_URL environment variable set, and so no databases setup
WARNING:root:No DATABASE_URL environment variable set, and so no databases setup
WARNING:root:No DATABASE_URL environment variable set, and so no databases setup
WARNING:root:No DATABASE_URL environment variable set, and so no databases setup
WARNING:root:No DATABASE_URL environment variable set, and so no databases setup
WARNING:root:No DATABASE_URL environment variable set, and so no databases setup
WARNING:root:No DATABASE_URL environment variable set, and so no databases setup
WARNING:root:No DATABASE_URL environment variable set, and so no databases setup
WARNING:root:No DATABASE_URL environment variable set, and so no databases setup
Not Found: /robots.txt
WARNING:django.request:Not Found: /robots.txt
WARNING:root:No DATABASE_URL environment variable set, and so no databases setup
Not Found: /page/about-us/
WARNING:django.request:Not Found: /page/about-us/
WARNING:root:No DATABASE_URL environment variable set, and so no databases setup
WARNING:root:No DATABASE_URL environment variable set, and so no databases setup
Not Found: /favicon.ico
WARNING:django.request:Not Found: /favicon.ico
WARNING:root:No DATABASE_URL environment variable set, and so no databases setup
Not Found: /robots.txt
WARNING:django.request:Not Found: /robots.txt
WARNING:root:No DATABASE_URL environment variable set, and so no databases setup
[UID:1392][113073] Child process with pid: 113348 was killed by signal: 9, core dumped: no
WARNING:root:No DATABASE_URL environment variable set, and so no databases setup
WARNING:root:No DATABASE_URL environment variable set, and so no databases setup
WARNING:root:No DATABASE_URL environment variable set, and so no databases setup
WARNING:root:No DATABASE_URL environment variable set, and so no databases setup
WARNING:root:No DATABASE_URL environment variable set, and so no databases setup
WARNING:root:No DATABASE_URL environment variable set, and so no databases setup
WARNING:root:No DATABASE_URL environment variable set, and so no databases setup
Not Found: /favicon.ico
WARNING:django.request:Not Found: /favicon.ico
WARNING:root:No DATABASE_URL environment variable set, and so no databases setup
WARNING:root:No DATABASE_URL environment variable set, and so no databases setup
WARNING:root:No DATABASE_URL environment variable set, and so no databases setup
WARNING:root:No DATABASE_URL environment variable set, and so no databases setup
WARNING:root:No DATABASE_URL environment variable set, and so no databases setup
WARNING:root:No DATABASE_URL environment variable set, and so no databases setup
WARNING:root:No DATABASE_URL environment variable set, and so no databases setup
WARNING:root:No DATABASE_URL environment variable set, and so no databases setup
Not Found: /favicon.ico
WARNING:django.request:Not Found: /favicon.ico
Not Found: /favicon.ico
WARNING:django.request:Not Found: /favicon.ico
[UID:1392][720264] Child process with pid: 722230 was killed by signal: 15, core dumped: no
WARNING:root:No DATABASE_URL environment variable set, and so no databases setup
WARNING:root:No DATABASE_URL environment variable set, and so no databases setup
Not Found: /robots.txt
WARNING:django.request:Not Found: /robots.txt
WARNING:root:No DATABASE_URL environment variable set, and so no databases setup
WARNING:root:No DATABASE_URL environment variable set, and so no databases setup
WARNING:root:No DATABASE_URL environment variable set, and so no databases setup
WARNING:root:No DATABASE_URL environment variable set, and so no databases setup
WARNING:root:No DATABASE_URL environment variable set, and so no databases setup
WARNING:root:No DATABASE_URL environment variable set, and so no databases setup
WARNING:root:No DATABASE_URL environment variable set, and so no databases setup
Not Found: /robots.txt
WARNING:django.request:Not Found: /robots.txt
WARNING:root:No DATABASE_URL environment variable set, and so no databases setup
WARNING:root:No DATABASE_URL environment variable set, and so no databases setup
WARNING:root:No DATABASE_URL environment variable set, and so no databases setup
WARNING:root:No DATABASE_URL environment variable set, and so no databases setup
WARNING:root:No DATABASE_URL environment variable set, and so no databases setup
Not Found: /favicon.ico
WARNING:django.request:Not Found: /favicon.ico
WARNING:root:No DATABASE_URL environment variable set, and so no databases setup
WARNING:root:No DATABASE_URL environment variable set, and so no databases setup
WARNING:root:No DATABASE_URL environment variable set, and so no databases setup
WARNING:root:No DATABASE_URL environment variable set, and so no databases setup
WARNING:root:No DATABASE_URL environment variable set, and so no databases setup
WARNING:root:No DATABASE_URL environment variable set, and so no databases setup
WARNING:root:No DATABASE_URL environment variable set, and so no databases setup
Not Found: /favicon.ico
WARNING:django.request:Not Found: /favicon.ico
Not Found: /favicon.ico
WARNING:django.request:Not Found: /favicon.ico
Not Found: /favicon.ico
WARNING:django.request:Not Found: /favicon.ico
Not Found: /favicon.ico
WARNING:django.request:Not Found: /favicon.ico
Not Found: /favicon.ico
WARNING:django.request:Not Found: /favicon.ico
[UID:1392][2524306] Reached max children process limit: 6, extra: 2, current: 8, busy: 8, please increase LSAPI_CHILDREN.
[UID:1392][2524306] Reached max children process limit: 6, extra: 2, current: 8, busy: 8, please increase LSAPI_CHILDREN.
[UID:1392][2524306] Reached max children process limit: 6, extra: 2, current: 8, busy: 8, please increase LSAPI_CHILDREN.
[UID:1392][2524306] Reached max children process limit: 6, extra: 2, current: 8, busy: 8, please increase LSAPI_CHILDREN.
[UID:1392][2524306] Reached max children process limit: 6, extra: 2, current: 8, busy: 7, please increase LSAPI_CHILDREN.
[UID:1392][2524306] Reached max children process limit: 6, extra: 2, current: 8, busy: 8, please increase LSAPI_CHILDREN.
[UID:1392][2524306] Reached max children process limit: 6, extra: 2, current: 8, busy: 8, please increase LSAPI_CHILDREN.
[UID:1392][2524306] Reached max children process limit: 6, extra: 2, current: 8, busy: 8, please increase LSAPI_CHILDREN.
[UID:1392][2524306] Reached max children process limit: 6, extra: 2, current: 8, busy: 8, please increase LSAPI_CHILDREN.
[UID:1392][2524306] Reached max children process limit: 6, extra: 2, current: 8, busy: 8, please increase LSAPI_CHILDREN.
[UID:1392][2524306] Reached max children process limit: 6, extra: 2, current: 8, busy: 8, please increase LSAPI_CHILDREN.
[UID:1392][2524306] Reached max children process limit: 6, extra: 2, current: 8, busy: 7, please increase LSAPI_CHILDREN.
[UID:1392][2524306] Reached max children process limit: 6, extra: 2, current: 8, busy: 7, please increase LSAPI_CHILDREN.
[UID:1392][2524306] Reached max children process limit: 6, extra: 2, current: 8, busy: 8, please increase LSAPI_CHILDREN.
[UID:1392][2524306] Reached max children process limit: 6, extra: 2, current: 8, busy: 8, please increase LSAPI_CHILDREN.
[UID:1392][2524306] Reached max children process limit: 6, extra: 2, current: 8, busy: 8, please increase LSAPI_CHILDREN.
[UID:1392][2524306] Reached max children process limit: 6, extra: 2, current: 8, busy: 8, please increase LSAPI_CHILDREN.
[UID:1392][2524306] Reached max children process limit: 6, extra: 2, current: 8, busy: 8, please increase LSAPI_CHILDREN.
[UID:1392][2524306] Reached max children process limit: 6, extra: 2, current: 8, busy: 8, please increase LSAPI_CHILDREN.
WARNING:root:No DATABASE_URL environment variable set, and so no databases setup
WARNING:root:No DATABASE_URL environment variable set, and so no databases setup
WARNING:root:No DATABASE_URL environment variable set, and so no databases setup
Not Found: /favicon.ico
WARNING:django.request:Not Found: /favicon.ico
WARNING:root:No DATABASE_URL environment variable set, and so no databases setup
WARNING:root:No DATABASE_URL environment variable set, and so no databases setup
WARNING:root:No DATABASE_URL environment variable set, and so no databases setup
WARNING:root:No DATABASE_URL environment variable set, and so no databases setup
WARNING:root:No DATABASE_URL environment variable set, and so no databases setup
WARNING:root:No DATABASE_URL environment variable set, and so no databases setup
Not Found: /page/contact/
WARNING:django.request:Not Found: /page/contact/
WARNING:root:No DATABASE_URL environment variable set, and so no databases setup
WARNING:root:No DATABASE_URL environment variable set, and so no databases setup
WARNING:root:No DATABASE_URL environment variable set, and so no databases setup
WARNING:root:No DATABASE_URL environment variable set, and so no databases setup
Not Found: /robots.txt
WARNING:django.request:Not Found: /robots.txt
Not Found: /page/contact/
WARNING:django.request:Not Found: /page/contact/
WARNING:root:No DATABASE_URL environment variable set, and so no databases setup
Not Found: /favicon.ico
WARNING:django.request:Not Found: /favicon.ico
WARNING:root:No DATABASE_URL environment variable set, and so no databases setup
Not Found: /robots.txt
WARNING:django.request:Not Found: /robots.txt
WARNING:root:No DATABASE_URL environment variable set, and so no databases setup
Not Found: /robots.txt
WARNING:django.request:Not Found: /robots.txt
WARNING:root:No DATABASE_URL environment variable set, and so no databases setup
WARNING:root:No DATABASE_URL environment variable set, and so no databases setup
WARNING:root:No DATABASE_URL environment variable set, and so no databases setup
WARNING:root:No DATABASE_URL environment variable set, and so no databases setup
WARNING:root:No DATABASE_URL environment variable set, and so no databases setup
WARNING:root:No DATABASE_URL environment variable set, and so no databases setup
WARNING:root:No DATABASE_URL environment variable set, and so no databases setup
Not Found: /robots.txt
WARNING:django.request:Not Found: /robots.txt
WARNING:root:No DATABASE_URL environment variable set, and so no databases setup
WARNING:root:No DATABASE_URL environment variable set, and so no databases setup
WARNING:root:No DATABASE_URL environment variable set, and so no databases setup
Not Found: /robots.txt
WARNING:django.request:Not Found: /robots.txt
WARNING:root:No DATABASE_URL environment variable set, and so no databases setup
WARNING:root:No DATABASE_URL environment variable set, and so no databases setup
Not Found: /favicon.ico
WARNING:django.request:Not Found: /favicon.ico
WARNING:root:No DATABASE_URL environment variable set, and so no databases setup
WARNING:root:No DATABASE_URL environment variable set, and so no databases setup
WARNING:root:No DATABASE_URL environment variable set, and so no databases setup
Not Found: /secrets.json
WARNING:django.request:Not Found: /secrets.json
Not Found: /credentials.json
WARNING:django.request:Not Found: /credentials.json
Not Found: /serviceAccountKey.json
WARNING:django.request:Not Found: /serviceAccountKey.json
WARNING:root:No DATABASE_URL environment variable set, and so no databases setup
WARNING:root:No DATABASE_URL environment variable set, and so no databases setup
WARNING:root:No DATABASE_URL environment variable set, and so no databases setup
WARNING:root:No DATABASE_URL environment variable set, and so no databases setup
Not Found: /favicon.ico
WARNING:django.request:Not Found: /favicon.ico
Not Found: /favicon.ico
WARNING:django.request:Not Found: /favicon.ico
Not Found: /favicon.ico
WARNING:django.request:Not Found: /favicon.ico
WARNING:root:No DATABASE_URL environment variable set, and so no databases setup
WARNING:root:No DATABASE_URL environment variable set, and so no databases setup
WARNING:root:No DATABASE_URL environment variable set, and so no databases setup
WARNING:root:No DATABASE_URL environment variable set, and so no databases setup
WARNING:root:No DATABASE_URL environment variable set, and so no databases setup
WARNING:root:No DATABASE_URL environment variable set, and so no databases setup
WARNING:root:No DATABASE_URL environment variable set, and so no databases setup
WARNING:root:No DATABASE_URL environment variable set, and so no databases setup
WARNING:root:No DATABASE_URL environment variable set, and so no databases setup
WARNING:root:No DATABASE_URL environment variable set, and so no databases setup
WARNING:root:No DATABASE_URL environment variable set, and so no databases setup
WARNING:root:No DATABASE_URL environment variable set, and so no databases setup
WARNING:root:No DATABASE_URL environment variable set, and so no databases setup
[UID:1392][3577126] Child process with pid: 3577607 was killed by signal: 9, core dumped: no
WARNING:root:No DATABASE_URL environment variable set, and so no databases setup
WARNING:root:No DATABASE_URL environment variable set, and so no databases setup
WARNING:root:No DATABASE_URL environment variable set, and so no databases setup
WARNING:root:No DATABASE_URL environment variable set, and so no databases setup
Not Found: /_ignition/execute-solution
WARNING:django.request:Not Found: /_ignition/execute-solution
WARNING:root:No DATABASE_URL environment variable set, and so no databases setup
[UID:1392][4051409] Child process with pid: 4051425 was killed by signal: 9, core dumped: no
Not Found: /_ignition/execute-solution
WARNING:django.request:Not Found: /_ignition/execute-solution
WARNING:root:No DATABASE_URL environment variable set, and so no databases setup
WARNING:root:No DATABASE_URL environment variable set, and so no databases setup
WARNING:root:No DATABASE_URL environment variable set, and so no databases setup
WARNING:root:No DATABASE_URL environment variable set, and so no databases setup
WARNING:root:No DATABASE_URL environment variable set, and so no databases setup
WARNING:root:No DATABASE_URL environment variable set, and so no databases setup
WARNING:root:No DATABASE_URL environment variable set, and so no databases setup
WARNING:root:No DATABASE_URL environment variable set, and so no databases setup
WARNING:root:No DATABASE_URL environment variable set, and so no databases setup
Not Found: /favicon.ico
WARNING:django.request:Not Found: /favicon.ico
WARNING:root:No DATABASE_URL environment variable set, and so no databases setup
Not Found: /favicon.ico
WARNING:django.request:Not Found: /favicon.ico
WARNING:root:No DATABASE_URL environment variable set, and so no databases setup
[UID:1392][2207109] Reached max children process limit: 6, extra: 2, current: 8, busy: 8, please increase LSAPI_CHILDREN.
Not Found: /favicon.ico
WARNING:django.request:Not Found: /favicon.ico
[UID:1392][2207109] Reached max children process limit: 6, extra: 2, current: 8, busy: 8, please increase LSAPI_CHILDREN.
[UID:1392][2207109] Reached max children process limit: 6, extra: 2, current: 8, busy: 8, please increase LSAPI_CHILDREN.
Not Found: /favicon.ico
WARNING:django.request:Not Found: /favicon.ico
[UID:1392][2207109] Reached max children process limit: 6, extra: 2, current: 8, busy: 8, please increase LSAPI_CHILDREN.
[UID:1392][2207109] Reached max children process limit: 6, extra: 2, current: 8, busy: 8, please increase LSAPI_CHILDREN.
[UID:1392][2207109] Reached max children process limit: 6, extra: 2, current: 8, busy: 8, please increase LSAPI_CHILDREN.
[UID:1392][2207109] Reached max children process limit: 6, extra: 2, current: 8, busy: 8, please increase LSAPI_CHILDREN.
[UID:1392][2207109] Reached max children process limit: 6, extra: 2, current: 8, busy: 8, please increase LSAPI_CHILDREN.
[UID:1392][2207109] Reached max children process limit: 6, extra: 2, current: 8, busy: 8, please increase LSAPI_CHILDREN.
[UID:1392][2207109] Reached max children process limit: 6, extra: 2, current: 8, busy: 8, please increase LSAPI_CHILDREN.
[UID:1392][2207109] Reached max children process limit: 6, extra: 2, current: 8, busy: 8, please increase LSAPI_CHILDREN.
[UID:1392][2207109] Reached max children process limit: 6, extra: 2, current: 8, busy: 8, please increase LSAPI_CHILDREN.
[UID:1392][2207109] Reached max children process limit: 6, extra: 2, current: 8, busy: 8, please increase LSAPI_CHILDREN.
[UID:1392][2207109] Reached max children process limit: 6, extra: 2, current: 8, busy: 8, please increase LSAPI_CHILDREN.
[UID:1392][2207109] Reached max children process limit: 6, extra: 2, current: 8, busy: 8, please increase LSAPI_CHILDREN.
[UID:1392][2207109] Reached max children process limit: 6, extra: 2, current: 8, busy: 8, please increase LSAPI_CHILDREN.
[UID:1392][2207109] Reached max children process limit: 6, extra: 2, current: 8, busy: 8, please increase LSAPI_CHILDREN.
[UID:1392][2207109] Reached max children process limit: 6, extra: 2, current: 8, busy: 8, please increase LSAPI_CHILDREN.
[UID:1392][2207109] Reached max children process limit: 6, extra: 2, current: 8, busy: 8, please increase LSAPI_CHILDREN.
[UID:1392][2207109] Reached max children process limit: 6, extra: 2, current: 8, busy: 8, please increase LSAPI_CHILDREN.
[UID:1392][2207109] Reached max children process limit: 6, extra: 2, current: 8, busy: 8, please increase LSAPI_CHILDREN.
[UID:1392][2207109] Reached max children process limit: 6, extra: 2, current: 8, busy: 8, please increase LSAPI_CHILDREN.
[UID:1392][2207109] Reached max children process limit: 6, extra: 2, current: 8, busy: 8, please increase LSAPI_CHILDREN.
[UID:1392][2207109] Reached max children process limit: 6, extra: 2, current: 8, busy: 7, please increase LSAPI_CHILDREN.
[UID:1392][2207109] Reached max children process limit: 6, extra: 2, current: 8, busy: 8, please increase LSAPI_CHILDREN.
[UID:1392][2207109] Reached max children process limit: 6, extra: 2, current: 8, busy: 8, please increase LSAPI_CHILDREN.
[UID:1392][2207109] Reached max children process limit: 6, extra: 2, current: 8, busy: 7, please increase LSAPI_CHILDREN.
[UID:1392][2207109] Reached max children process limit: 6, extra: 2, current: 8, busy: 8, please increase LSAPI_CHILDREN.
[UID:1392][2207109] Reached max children process limit: 6, extra: 2, current: 8, busy: 8, please increase LSAPI_CHILDREN.
[UID:1392][2207109] Reached max children process limit: 6, extra: 2, current: 8, busy: 8, please increase LSAPI_CHILDREN.
[UID:1392][2207109] Reached max children process limit: 6, extra: 2, current: 8, busy: 7, please increase LSAPI_CHILDREN.
[UID:1392][2207109] Reached max children process limit: 6, extra: 2, current: 8, busy: 8, please increase LSAPI_CHILDREN.
[UID:1392][2207109] Reached max children process limit: 6, extra: 2, current: 8, busy: 8, please increase LSAPI_CHILDREN.
[UID:1392][2207109] Reached max children process limit: 6, extra: 2, current: 8, busy: 8, please increase LSAPI_CHILDREN.
WARNING:root:No DATABASE_URL environment variable set, and so no databases setup
[UID:1392][2235978] Reached max children process limit: 6, extra: 2, current: 8, busy: 8, please increase LSAPI_CHILDREN.
[UID:1392][2235978] Reached max children process limit: 6, extra: 2, current: 8, busy: 8, please increase LSAPI_CHILDREN.
[UID:1392][2235978] Reached max children process limit: 6, extra: 2, current: 8, busy: 8, please increase LSAPI_CHILDREN.
[UID:1392][2235978] Reached max children process limit: 6, extra: 2, current: 8, busy: 8, please increase LSAPI_CHILDREN.
[UID:1392][2235978] Reached max children process limit: 6, extra: 2, current: 8, busy: 8, please increase LSAPI_CHILDREN.
[UID:1392][2235978] Reached max children process limit: 6, extra: 2, current: 8, busy: 8, please increase LSAPI_CHILDREN.
[UID:1392][2235978] Reached max children process limit: 6, extra: 2, current: 8, busy: 7, please increase LSAPI_CHILDREN.
[UID:1392][2235978] Reached max children process limit: 6, extra: 2, current: 8, busy: 8, please increase LSAPI_CHILDREN.
[UID:1392][2235978] Reached max children process limit: 6, extra: 2, current: 8, busy: 8, please increase LSAPI_CHILDREN.
[UID:1392][2235978] Reached max children process limit: 6, extra: 2, current: 8, busy: 8, please increase LSAPI_CHILDREN.
[UID:1392][2235978] Reached max children process limit: 6, extra: 2, current: 8, busy: 8, please increase LSAPI_CHILDREN.
[UID:1392][2235978] Reached max children process limit: 6, extra: 2, current: 8, busy: 8, please increase LSAPI_CHILDREN.
[UID:1392][2235978] Reached max children process limit: 6, extra: 2, current: 8, busy: 8, please increase LSAPI_CHILDREN.
[UID:1392][2235978] Reached max children process limit: 6, extra: 2, current: 8, busy: 8, please increase LSAPI_CHILDREN.
[UID:1392][2235978] Reached max children process limit: 6, extra: 2, current: 8, busy: 8, please increase LSAPI_CHILDREN.
[UID:1392][2235978] Reached max children process limit: 6, extra: 2, current: 8, busy: 8, please increase LSAPI_CHILDREN.
[UID:1392][2235978] Reached max children process limit: 6, extra: 2, current: 8, busy: 8, please increase LSAPI_CHILDREN.
[UID:1392][2235978] Reached max children process limit: 6, extra: 2, current: 8, busy: 8, please increase LSAPI_CHILDREN.
Not Found: /favicon.ico
WARNING:django.request:Not Found: /favicon.ico
[UID:1392][2235978] Reached max children process limit: 6, extra: 2, current: 8, busy: 8, please increase LSAPI_CHILDREN.
[UID:1392][2235978] Reached max children process limit: 6, extra: 2, current: 8, busy: 8, please increase LSAPI_CHILDREN.
[UID:1392][2235978] Reached max children process limit: 6, extra: 2, current: 8, busy: 8, please increase LSAPI_CHILDREN.
[UID:1392][2235978] Reached max children process limit: 6, extra: 2, current: 8, busy: 8, please increase LSAPI_CHILDREN.
[UID:1392][2235978] Reached max children process limit: 6, extra: 2, current: 8, busy: 8, please increase LSAPI_CHILDREN.
[UID:1392][2235978] Reached max children process limit: 6, extra: 2, current: 8, busy: 8, please increase LSAPI_CHILDREN.
[UID:1392][2235978] Reached max children process limit: 6, extra: 2, current: 8, busy: 7, please increase LSAPI_CHILDREN.
[UID:1392][2235978] Reached max children process limit: 6, extra: 2, current: 8, busy: 7, please increase LSAPI_CHILDREN.
[UID:1392][2235978] Reached max children process limit: 6, extra: 2, current: 8, busy: 7, please increase LSAPI_CHILDREN.
[UID:1392][2235978] Reached max children process limit: 6, extra: 2, current: 8, busy: 8, please increase LSAPI_CHILDREN.
[UID:1392][2235978] Reached max children process limit: 6, extra: 2, current: 8, busy: 7, please increase LSAPI_CHILDREN.
[UID:1392][2235978] Reached max children process limit: 6, extra: 2, current: 8, busy: 7, please increase LSAPI_CHILDREN.
[UID:1392][2235978] Reached max children process limit: 6, extra: 2, current: 8, busy: 8, please increase LSAPI_CHILDREN.
[UID:1392][2235978] Reached max children process limit: 6, extra: 2, current: 8, busy: 8, please increase LSAPI_CHILDREN.
[UID:1392][2235978] Reached max children process limit: 6, extra: 2, current: 8, busy: 8, please increase LSAPI_CHILDREN.
[UID:1392][2235978] Reached max children process limit: 6, extra: 2, current: 8, busy: 8, please increase LSAPI_CHILDREN.
[UID:1392][2235978] Reached max children process limit: 6, extra: 2, current: 8, busy: 8, please increase LSAPI_CHILDREN.
[UID:1392][2235978] Reached max children process limit: 6, extra: 2, current: 8, busy: 8, please increase LSAPI_CHILDREN.
[UID:1392][2235978] Reached max children process limit: 6, extra: 2, current: 8, busy: 8, please increase LSAPI_CHILDREN.
[UID:1392][2235978] Reached max children process limit: 6, extra: 2, current: 8, busy: 8, please increase LSAPI_CHILDREN.
[UID:1392][2235978] Reached max children process limit: 6, extra: 2, current: 8, busy: 7, please increase LSAPI_CHILDREN.
[UID:1392][2235978] Reached max children process limit: 6, extra: 2, current: 8, busy: 7, please increase LSAPI_CHILDREN.
[UID:1392][2235978] Reached max children process limit: 6, extra: 2, current: 8, busy: 8, please increase LSAPI_CHILDREN.
[UID:1392][2235978] Reached max children process limit: 6, extra: 2, current: 8, busy: 8, please increase LSAPI_CHILDREN.
[UID:1392][2235978] Reached max children process limit: 6, extra: 2, current: 8, busy: 7, please increase LSAPI_CHILDREN.
[UID:1392][2235978] Reached max children process limit: 6, extra: 2, current: 8, busy: 8, please increase LSAPI_CHILDREN.
[UID:1392][2235978] Reached max children process limit: 6, extra: 2, current: 8, busy: 8, please increase LSAPI_CHILDREN.
[UID:1392][2235978] Reached max children process limit: 6, extra: 2, current: 8, busy: 8, please increase LSAPI_CHILDREN.
[UID:1392][2235978] Reached max children process limit: 6, extra: 2, current: 8, busy: 8, please increase LSAPI_CHILDREN.
[UID:1392][2235978] Reached max children process limit: 6, extra: 2, current: 8, busy: 8, please increase LSAPI_CHILDREN.
[UID:1392][2235978] Reached max children process limit: 6, extra: 2, current: 8, busy: 8, please increase LSAPI_CHILDREN.
Not Found: /favicon.ico
WARNING:django.request:Not Found: /favicon.ico
[UID:1392][2235978] Reached max children process limit: 6, extra: 2, current: 8, busy: 8, please increase LSAPI_CHILDREN.
[UID:1392][2235978] Reached max children process limit: 6, extra: 2, current: 8, busy: 8, please increase LSAPI_CHILDREN.
WARNING:root:No DATABASE_URL environment variable set, and so no databases setup
WARNING:root:No DATABASE_URL environment variable set, and so no databases setup
Not Found: /favicon.ico
WARNING:django.request:Not Found: /favicon.ico
WARNING:root:No DATABASE_URL environment variable set, and so no databases setup
WARNING:root:No DATABASE_URL environment variable set, and so no databases setup
WARNING:root:No DATABASE_URL environment variable set, and so no databases setup
WARNING:root:No DATABASE_URL environment variable set, and so no databases setup
WARNING:root:No DATABASE_URL environment variable set, and so no databases setup
WARNING:root:No DATABASE_URL environment variable set, and so no databases setup
WARNING:root:No DATABASE_URL environment variable set, and so no databases setup
WARNING:root:No DATABASE_URL environment variable set, and so no databases setup
WARNING:root:No DATABASE_URL environment variable set, and so no databases setup
Not Found: /favicon.ico
WARNING:django.request:Not Found: /favicon.ico
WARNING:root:No DATABASE_URL environment variable set, and so no databases setup
WARNING:root:No DATABASE_URL environment variable set, and so no databases setup
WARNING:root:No DATABASE_URL environment variable set, and so no databases setup
Not Found: /page/about-us/
WARNING:django.request:Not Found: /page/about-us/
WARNING:root:No DATABASE_URL environment variable set, and so no databases setup
Not Found: /robots.txt
WARNING:django.request:Not Found: /robots.txt
WARNING:root:No DATABASE_URL environment variable set, and so no databases setup
WARNING:root:No DATABASE_URL environment variable set, and so no databases setup
WARNING:root:No DATABASE_URL environment variable set, and so no databases setup
WARNING:root:No DATABASE_URL environment variable set, and so no databases setup
WARNING:root:No DATABASE_URL environment variable set, and so no databases setup
Not Found: /sitemap.txt
WARNING:django.request:Not Found: /sitemap.txt
WARNING:root:No DATABASE_URL environment variable set, and so no databases setup
WARNING:root:No DATABASE_URL environment variable set, and so no databases setup
Not Found: /favicon.ico
WARNING:django.request:Not Found: /favicon.ico
WARNING:root:No DATABASE_URL environment variable set, and so no databases setup
WARNING:root:No DATABASE_URL environment variable set, and so no databases setup
Not Found: /sitemap.xml.gz
WARNING:django.request:Not Found: /sitemap.xml.gz
WARNING:root:No DATABASE_URL environment variable set, and so no databases setup
WARNING:root:No DATABASE_URL environment variable set, and so no databases setup
WARNING:root:No DATABASE_URL environment variable set, and so no databases setup
Not Found: /sitemaps.xml
WARNING:django.request:Not Found: /sitemaps.xml
WARNING:root:No DATABASE_URL environment variable set, and so no databases setup
WARNING:root:No DATABASE_URL environment variable set, and so no databases setup
Not Found: /atom.xml
WARNING:django.request:Not Found: /atom.xml
Not Found: /sitemap_index.xml
WARNING:django.request:Not Found: /sitemap_index.xml
WARNING:root:No DATABASE_URL environment variable set, and so no databases setup
Not Found: /sitemap.xml
WARNING:django.request:Not Found: /sitemap.xml
WARNING:root:No DATABASE_URL environment variable set, and so no databases setup
WARNING:root:No DATABASE_URL environment variable set, and so no databases setup
Not Found: /atom.xml
WARNING:django.request:Not Found: /atom.xml
Not Found: /sitemap_index.xml
WARNING:django.request:Not Found: /sitemap_index.xml
WARNING:root:No DATABASE_URL environment variable set, and so no databases setup
WARNING:root:No DATABASE_URL environment variable set, and so no databases setup
Not Found: /sitemap.xml
WARNING:django.request:Not Found: /sitemap.xml
WARNING:root:No DATABASE_URL environment variable set, and so no databases setup
WARNING:root:No DATABASE_URL environment variable set, and so no databases setup
Not Found: /sitemaps.xml
WARNING:django.request:Not Found: /sitemaps.xml
WARNING:root:No DATABASE_URL environment variable set, and so no databases setup
WARNING:root:No DATABASE_URL environment variable set, and so no databases setup
WARNING:root:No DATABASE_URL environment variable set, and so no databases setup
Not Found: /sitemap.xml.gz
WARNING:django.request:Not Found: /sitemap.xml.gz
WARNING:root:No DATABASE_URL environment variable set, and so no databases setup
Not Found: /robots.txt
WARNING:django.request:Not Found: /robots.txt
WARNING:root:No DATABASE_URL environment variable set, and so no databases setup
WARNING:root:No DATABASE_URL environment variable set, and so no databases setup
Not Found: /sitemap.txt
WARNING:django.request:Not Found: /sitemap.txt
WARNING:root:No DATABASE_URL environment variable set, and so no databases setup
WARNING:root:No DATABASE_URL environment variable set, and so no databases setup
Not Found: /robots.txt
WARNING:django.request:Not Found: /robots.txt
Not Found: /sitemap.xml
WARNING:django.request:Not Found: /sitemap.xml
WARNING:root:No DATABASE_URL environment variable set, and so no databases setup
WARNING:root:No DATABASE_URL environment variable set, and so no databases setup
WARNING:root:No DATABASE_URL environment variable set, and so no databases setup
WARNING:root:No DATABASE_URL environment variable set, and so no databases setup
WARNING:root:No DATABASE_URL environment variable set, and so no databases setup
Not Found: /sitemaps.xml
WARNING:django.request:Not Found: /sitemaps.xml
WARNING:root:No DATABASE_URL environment variable set, and so no databases setup
WARNING:root:No DATABASE_URL environment variable set, and so no databases setup
Not Found: /sitemap.xml.gz
WARNING:django.request:Not Found: /sitemap.xml.gz
WARNING:root:No DATABASE_URL environment variable set, and so no databases setup
WARNING:root:No DATABASE_URL environment variable set, and so no databases setup
Not Found: /sitemaps.xml
WARNING:django.request:Not Found: /sitemaps.xml
WARNING:root:No DATABASE_URL environment variable set, and so no databases setup
Not Found: /sitemap.xml.gz
WARNING:django.request:Not Found: /sitemap.xml.gz
WARNING:root:No DATABASE_URL environment variable set, and so no databases setup
Not Found: /sitemap.txt
WARNING:django.request:Not Found: /sitemap.txt
WARNING:root:No DATABASE_URL environment variable set, and so no databases setup
Not Found: /sitemap.txt
WARNING:django.request:Not Found: /sitemap.txt
WARNING:root:No DATABASE_URL environment variable set, and so no databases setup
Not Found: /sitemap_index.xml
WARNING:django.request:Not Found: /sitemap_index.xml
WARNING:root:No DATABASE_URL environment variable set, and so no databases setup
Not Found: /atom.xml
WARNING:django.request:Not Found: /atom.xml
WARNING:root:No DATABASE_URL environment variable set, and so no databases setup
Not Found: /sitemap_index.xml
WARNING:django.request:Not Found: /sitemap_index.xml
Not Found: /favicon.ico
WARNING:django.request:Not Found: /favicon.ico
WARNING:root:No DATABASE_URL environment variable set, and so no databases setup
WARNING:root:No DATABASE_URL environment variable set, and so no databases setup
Not Found: /sitemap.xml
WARNING:django.request:Not Found: /sitemap.xml
WARNING:root:No DATABASE_URL environment variable set, and so no databases setup
Not Found: /atom.xml
WARNING:django.request:Not Found: /atom.xml
WARNING:root:No DATABASE_URL environment variable set, and so no databases setup
Not Found: /favicon.ico
WARNING:django.request:Not Found: /favicon.ico
WARNING:root:No DATABASE_URL environment variable set, and so no databases setup
WARNING:root:No DATABASE_URL environment variable set, and so no databases setup
Not Found: /sitemap.xml
WARNING:django.request:Not Found: /sitemap.xml
WARNING:root:No DATABASE_URL environment variable set, and so no databases setup
Not Found: /sitemap.xml
WARNING:django.request:Not Found: /sitemap.xml
WARNING:root:No DATABASE_URL environment variable set, and so no databases setup
Not Found: /robots.txt
WARNING:django.request:Not Found: /robots.txt
WARNING:root:No DATABASE_URL environment variable set, and so no databases setup
WARNING:root:No DATABASE_URL environment variable set, and so no databases setup
Not Found: /sitemaps.xml
WARNING:django.request:Not Found: /sitemaps.xml
WARNING:root:No DATABASE_URL environment variable set, and so no databases setup
Not Found: /sitemap.xml.gz
WARNING:django.request:Not Found: /sitemap.xml.gz
WARNING:root:No DATABASE_URL environment variable set, and so no databases setup
WARNING:root:No DATABASE_URL environment variable set, and so no databases setup
Not Found: /sitemap.txt
WARNING:django.request:Not Found: /sitemap.txt
WARNING:root:No DATABASE_URL environment variable set, and so no databases setup
Not Found: /sitemaps.xml
WARNING:django.request:Not Found: /sitemaps.xml
WARNING:root:No DATABASE_URL environment variable set, and so no databases setup
Not Found: /sitemap.xml.gz
WARNING:django.request:Not Found: /sitemap.xml.gz
WARNING:root:No DATABASE_URL environment variable set, and so no databases setup
WARNING:root:No DATABASE_URL environment variable set, and so no databases setup
WARNING:root:No DATABASE_URL environment variable set, and so no databases setup
Not Found: /favicon.ico
WARNING:django.request:Not Found: /favicon.ico
Not Found: /sitemaps.xml
WARNING:django.request:Not Found: /sitemaps.xml
Not Found: /sitemap.txt
WARNING:django.request:Not Found: /sitemap.txt
WARNING:root:No DATABASE_URL environment variable set, and so no databases setup
WARNING:root:No DATABASE_URL environment variable set, and so no databases setup
Not Found: /sitemap.xml.gz
WARNING:django.request:Not Found: /sitemap.xml.gz
WARNING:root:No DATABASE_URL environment variable set, and so no databases setup
Not Found: /sitemap.txt
WARNING:django.request:Not Found: /sitemap.txt
WARNING:root:No DATABASE_URL environment variable set, and so no databases setup
Not Found: /robots.txt
WARNING:django.request:Not Found: /robots.txt
Not Found: /favicon.ico
WARNING:django.request:Not Found: /favicon.ico
WARNING:root:No DATABASE_URL environment variable set, and so no databases setup
Not Found: /atom.xml
WARNING:django.request:Not Found: /atom.xml
WARNING:root:No DATABASE_URL environment variable set, and so no databases setup
Not Found: /sitemap_index.xml
WARNING:django.request:Not Found: /sitemap_index.xml
WARNING:root:No DATABASE_URL environment variable set, and so no databases setup
Not Found: /atom.xml
WARNING:django.request:Not Found: /atom.xml
WARNING:root:No DATABASE_URL environment variable set, and so no databases setup
WARNING:root:No DATABASE_URL environment variable set, and so no databases setup
Not Found: /sitemap_index.xml
WARNING:django.request:Not Found: /sitemap_index.xml
WARNING:root:No DATABASE_URL environment variable set, and so no databases setup
Not Found: /sitemap.xml
WARNING:django.request:Not Found: /sitemap.xml
WARNING:root:No DATABASE_URL environment variable set, and so no databases setup
WARNING:root:No DATABASE_URL environment variable set, and so no databases setup
Not Found: /sitemap.xml
WARNING:django.request:Not Found: /sitemap.xml
WARNING:root:No DATABASE_URL environment variable set, and so no databases setup
Not Found: /favicon.ico
WARNING:django.request:Not Found: /favicon.ico
Not Found: /favicon.ico
WARNING:django.request:Not Found: /favicon.ico
Not Found: /sitemap.txt
WARNING:django.request:Not Found: /sitemap.txt
WARNING:root:No DATABASE_URL environment variable set, and so no databases setup
Not Found: /sitemap.txt
WARNING:django.request:Not Found: /sitemap.txt
WARNING:root:No DATABASE_URL environment variable set, and so no databases setup
WARNING:root:No DATABASE_URL environment variable set, and so no databases setup
WARNING:root:No DATABASE_URL environment variable set, and so no databases setup
Not Found: /sitemap.xml
WARNING:django.request:Not Found: /sitemap.xml
WARNING:root:No DATABASE_URL environment variable set, and so no databases setup
Not Found: /sitemap_index.xml
WARNING:django.request:Not Found: /sitemap_index.xml
WARNING:root:No DATABASE_URL environment variable set, and so no databases setup
WARNING:root:No DATABASE_URL environment variable set, and so no databases setup
Not Found: /atom.xml
WARNING:django.request:Not Found: /atom.xml
WARNING:root:No DATABASE_URL environment variable set, and so no databases setup
WARNING:root:No DATABASE_URL environment variable set, and so no databases setup
Not Found: /sitemap.xml.gz
WARNING:django.request:Not Found: /sitemap.xml.gz
WARNING:root:No DATABASE_URL environment variable set, and so no databases setup
Not Found: /sitemap.xml.gz
WARNING:django.request:Not Found: /sitemap.xml.gz
WARNING:root:No DATABASE_URL environment variable set, and so no databases setup
Not Found: /sitemaps.xml
WARNING:django.request:Not Found: /sitemaps.xml
WARNING:root:No DATABASE_URL environment variable set, and so no databases setup
WARNING:root:No DATABASE_URL environment variable set, and so no databases setup
Not Found: /sitemaps.xml
WARNING:django.request:Not Found: /sitemaps.xml
WARNING:root:No DATABASE_URL environment variable set, and so no databases setup
Not Found: /page/contact/
WARNING:django.request:Not Found: /page/contact/
WARNING:root:No DATABASE_URL environment variable set, and so no databases setup
WARNING:root:No DATABASE_URL environment variable set, and so no databases setup
WARNING:root:No DATABASE_URL environment variable set, and so no databases setup
Not Found: /robots.txt
WARNING:django.request:Not Found: /robots.txt
WARNING:root:No DATABASE_URL environment variable set, and so no databases setup
Not Found: /sitemap.txt
WARNING:django.request:Not Found: /sitemap.txt
WARNING:root:No DATABASE_URL environment variable set, and so no databases setup
Not Found: /sitemap.txt
WARNING:django.request:Not Found: /sitemap.txt
WARNING:root:No DATABASE_URL environment variable set, and so no databases setup
WARNING:root:No DATABASE_URL environment variable set, and so no databases setup
WARNING:root:No DATABASE_URL environment variable set, and so no databases setup
WARNING:root:No DATABASE_URL environment variable set, and so no databases setup
WARNING:root:No DATABASE_URL environment variable set, and so no databases setup
WARNING:root:No DATABASE_URL environment variable set, and so no databases setup
WARNING:root:No DATABASE_URL environment variable set, and so no databases setup
WARNING:root:No DATABASE_URL environment variable set, and so no databases setup
WARNING:root:No DATABASE_URL environment variable set, and so no databases setup
WARNING:root:No DATABASE_URL environment variable set, and so no databases setup
WARNING:root:No DATABASE_URL environment variable set, and so no databases setup
WARNING:root:No DATABASE_URL environment variable set, and so no databases setup
WARNING:root:No DATABASE_URL environment variable set, and so no databases setup
WARNING:root:No DATABASE_URL environment variable set, and so no databases setup
WARNING:root:No DATABASE_URL environment variable set, and so no databases setup
WARNING:root:No DATABASE_URL environment variable set, and so no databases setup
Not Found: /robots.txt
WARNING:django.request:Not Found: /robots.txt
WARNING:root:No DATABASE_URL environment variable set, and so no databases setup
WARNING:root:No DATABASE_URL environment variable set, and so no databases setup
WARNING:root:No DATABASE_URL environment variable set, and so no databases setup
WARNING:root:No DATABASE_URL environment variable set, and so no databases setup
WARNING:root:No DATABASE_URL environment variable set, and so no databases setup
WARNING:root:No DATABASE_URL environment variable set, and so no databases setup
Not Found: /app/
WARNING:django.request:Not Found: /app/
Not Found: /login/
WARNING:django.request:Not Found: /login/
Not Found: /static/css/style.css.map
WARNING:django.request:Not Found: /static/css/style.css.map
Not Found: /app/
WARNING:django.request:Not Found: /app/
Not Found: /login/
WARNING:django.request:Not Found: /login/
Not Found: /static/css/style.css.map
WARNING:django.request:Not Found: /static/css/style.css.map
WARNING:root:No DATABASE_URL environment variable set, and so no databases setup
Not Found: /app/
WARNING:django.request:Not Found: /app/
Not Found: /login/
WARNING:django.request:Not Found: /login/
Not Found: /static/css/style.css.map
WARNING:django.request:Not Found: /static/css/style.css.map
WARNING:root:No DATABASE_URL environment variable set, and so no databases setup
Not Found: /secrets.json
WARNING:django.request:Not Found: /secrets.json
Not Found: /google-service-account.json
WARNING:django.request:Not Found: /google-service-account.json
Not Found: /credentials.json
WARNING:django.request:Not Found: /credentials.json
Not Found: /service-account.json
WARNING:django.request:Not Found: /service-account.json
Not Found: /firebase-service-account.json
WARNING:django.request:Not Found: /firebase-service-account.json
Not Found: /serviceAccountKey.json
WARNING:django.request:Not Found: /serviceAccountKey.json
Not Found: /settings.py
WARNING:django.request:Not Found: /settings.py
Not Found: /config/settings.py
WARNING:django.request:Not Found: /config/settings.py
Not Found: /local_settings.py
WARNING:django.request:Not Found: /local_settings.py
WARNING:root:No DATABASE_URL environment variable set, and so no databases setup
WARNING:root:No DATABASE_URL environment variable set, and so no databases setup
WARNING:root:No DATABASE_URL environment variable set, and so no databases setup
WARNING:root:No DATABASE_URL environment variable set, and so no databases setup
WARNING:root:No DATABASE_URL environment variable set, and so no databases setup
WARNING:root:No DATABASE_URL environment variable set, and so no databases setup
WARNING:root:No DATABASE_URL environment variable set, and so no databases setup
WARNING:root:No DATABASE_URL environment variable set, and so no databases setup
Not Found: /api.tar.gz
WARNING:django.request:Not Found: /api.tar.gz
Not Found: /api.zip
WARNING:django.request:Not Found: /api.zip
Not Found: /api.tgz
WARNING:django.request:Not Found: /api.tgz
Not Found: /api.tar
WARNING:django.request:Not Found: /api.tar
Not Found: /api.tar.bz2
WARNING:django.request:Not Found: /api.tar.bz2
Not Found: /api.tar.xz
WARNING:django.request:Not Found: /api.tar.xz
Not Found: /api.7z
WARNING:django.request:Not Found: /api.7z
Not Found: /api.rar
WARNING:django.request:Not Found: /api.rar
Not Found: /api.gz
WARNING:django.request:Not Found: /api.gz
Not Found: /api.bz2
WARNING:django.request:Not Found: /api.bz2
Not Found: /api.zst
WARNING:django.request:Not Found: /api.zst
Not Found: /api.sql.gz
WARNING:django.request:Not Found: /api.sql.gz
Not Found: /api.sql.bz2
WARNING:django.request:Not Found: /api.sql.bz2
Not Found: /api.sql
WARNING:django.request:Not Found: /api.sql
Not Found: /backup.zip
WARNING:django.request:Not Found: /backup.zip
Not Found: /backup.tar.gz
WARNING:django.request:Not Found: /backup.tar.gz
Not Found: /backup.tgz
WARNING:django.request:Not Found: /backup.tgz
Not Found: /backup.tar
WARNING:django.request:Not Found: /backup.tar
Not Found: /backup.tar.bz2
WARNING:django.request:Not Found: /backup.tar.bz2
Not Found: /backup.tar.xz
WARNING:django.request:Not Found: /backup.tar.xz
Not Found: /backup.7z
WARNING:django.request:Not Found: /backup.7z
Not Found: /backup.rar
WARNING:django.request:Not Found: /backup.rar
Not Found: /backup.gz
WARNING:django.request:Not Found: /backup.gz
Not Found: /backup.bz2
WARNING:django.request:Not Found: /backup.bz2
Not Found: /backup.zst
WARNING:django.request:Not Found: /backup.zst
Not Found: /backup.sql.gz
WARNING:django.request:Not Found: /backup.sql.gz
Not Found: /backup.sql.bz2
WARNING:django.request:Not Found: /backup.sql.bz2
Not Found: /backup.sql
WARNING:django.request:Not Found: /backup.sql
Not Found: /backups.zip
WARNING:django.request:Not Found: /backups.zip
Not Found: /backups.tar.gz
WARNING:django.request:Not Found: /backups.tar.gz
Not Found: /backups.tgz
WARNING:django.request:Not Found: /backups.tgz
Not Found: /backups.tar
WARNING:django.request:Not Found: /backups.tar
Not Found: /backups.tar.bz2
WARNING:django.request:Not Found: /backups.tar.bz2
Not Found: /backups.tar.xz
WARNING:django.request:Not Found: /backups.tar.xz
Not Found: /backups.7z
WARNING:django.request:Not Found: /backups.7z
Not Found: /backups.rar
WARNING:django.request:Not Found: /backups.rar
Not Found: /backups.gz
WARNING:django.request:Not Found: /backups.gz
Not Found: /backups.bz2
WARNING:django.request:Not Found: /backups.bz2
Not Found: /backups.zst
WARNING:django.request:Not Found: /backups.zst
Not Found: /backups.sql.gz
WARNING:django.request:Not Found: /backups.sql.gz
Not Found: /backups.sql.bz2
WARNING:django.request:Not Found: /backups.sql.bz2
Not Found: /backups.sql
WARNING:django.request:Not Found: /backups.sql
Not Found: /site.zip
WARNING:django.request:Not Found: /site.zip
Not Found: /site.tar.gz
WARNING:django.request:Not Found: /site.tar.gz
Not Found: /site.tgz
WARNING:django.request:Not Found: /site.tgz
Not Found: /site.tar
WARNING:django.request:Not Found: /site.tar
Not Found: /site.tar.bz2
WARNING:django.request:Not Found: /site.tar.bz2
Not Found: /site.tar.xz
WARNING:django.request:Not Found: /site.tar.xz
Not Found: /site.7z
WARNING:django.request:Not Found: /site.7z
Not Found: /site.rar
WARNING:django.request:Not Found: /site.rar
Not Found: /site.gz
WARNING:django.request:Not Found: /site.gz
Not Found: /site.bz2
WARNING:django.request:Not Found: /site.bz2
Not Found: /site.zst
WARNING:django.request:Not Found: /site.zst
Not Found: /site.sql.gz
WARNING:django.request:Not Found: /site.sql.gz
Not Found: /site.sql.bz2
WARNING:django.request:Not Found: /site.sql.bz2
Not Found: /site.sql
WARNING:django.request:Not Found: /site.sql
Not Found: /sites.zip
WARNING:django.request:Not Found: /sites.zip
Not Found: /sites.tar.gz
WARNING:django.request:Not Found: /sites.tar.gz
Not Found: /sites.tgz
WARNING:django.request:Not Found: /sites.tgz
Not Found: /sites.tar
WARNING:django.request:Not Found: /sites.tar
Not Found: /sites.tar.bz2
WARNING:django.request:Not Found: /sites.tar.bz2
Not Found: /sites.tar.xz
WARNING:django.request:Not Found: /sites.tar.xz
Not Found: /sites.7z
WARNING:django.request:Not Found: /sites.7z
Not Found: /sites.rar
WARNING:django.request:Not Found: /sites.rar
Not Found: /sites.gz
WARNING:django.request:Not Found: /sites.gz
Not Found: /sites.bz2
WARNING:django.request:Not Found: /sites.bz2
Not Found: /sites.zst
WARNING:django.request:Not Found: /sites.zst
Not Found: /sites.sql.gz
WARNING:django.request:Not Found: /sites.sql.gz
Not Found: /sites.sql.bz2
WARNING:django.request:Not Found: /sites.sql.bz2
Not Found: /sites.sql
WARNING:django.request:Not Found: /sites.sql
Not Found: /source.zip
WARNING:django.request:Not Found: /source.zip
Not Found: /source.tar.gz
WARNING:django.request:Not Found: /source.tar.gz
Not Found: /source.tgz
WARNING:django.request:Not Found: /source.tgz
Not Found: /source.tar
WARNING:django.request:Not Found: /source.tar
Not Found: /source.tar.bz2
WARNING:django.request:Not Found: /source.tar.bz2
Not Found: /source.tar.xz
WARNING:django.request:Not Found: /source.tar.xz
Not Found: /source.7z
WARNING:django.request:Not Found: /source.7z
Not Found: /source.rar
WARNING:django.request:Not Found: /source.rar
Not Found: /source.gz
WARNING:django.request:Not Found: /source.gz
Not Found: /source.bz2
WARNING:django.request:Not Found: /source.bz2
Not Found: /source.zst
WARNING:django.request:Not Found: /source.zst
Not Found: /source.sql.gz
WARNING:django.request:Not Found: /source.sql.gz
Not Found: /source.sql.bz2
WARNING:django.request:Not Found: /source.sql.bz2
Not Found: /source.sql
WARNING:django.request:Not Found: /source.sql
Not Found: /src.zip
WARNING:django.request:Not Found: /src.zip
Not Found: /src.tar.gz
WARNING:django.request:Not Found: /src.tar.gz
Not Found: /src.tgz
WARNING:django.request:Not Found: /src.tgz
Not Found: /src.tar
WARNING:django.request:Not Found: /src.tar
Not Found: /src.tar.bz2
WARNING:django.request:Not Found: /src.tar.bz2
Not Found: /src.tar.xz
WARNING:django.request:Not Found: /src.tar.xz
Not Found: /src.7z
WARNING:django.request:Not Found: /src.7z
Not Found: /src.rar
WARNING:django.request:Not Found: /src.rar
Not Found: /src.gz
WARNING:django.request:Not Found: /src.gz
Not Found: /src.bz2
WARNING:django.request:Not Found: /src.bz2
Not Found: /src.zst
WARNING:django.request:Not Found: /src.zst
Not Found: /src.sql.gz
WARNING:django.request:Not Found: /src.sql.gz
Not Found: /src.sql.bz2
WARNING:django.request:Not Found: /src.sql.bz2
Not Found: /src.sql
WARNING:django.request:Not Found: /src.sql
Not Found: /www.zip
WARNING:django.request:Not Found: /www.zip
Not Found: /www.tar.gz
WARNING:django.request:Not Found: /www.tar.gz
Not Found: /www.tgz
WARNING:django.request:Not Found: /www.tgz
Not Found: /www.tar
WARNING:django.request:Not Found: /www.tar
Not Found: /www.tar.bz2
WARNING:django.request:Not Found: /www.tar.bz2
Not Found: /www.tar.xz
WARNING:django.request:Not Found: /www.tar.xz
Not Found: /www.7z
WARNING:django.request:Not Found: /www.7z
Not Found: /www.rar
WARNING:django.request:Not Found: /www.rar
Not Found: /www.gz
WARNING:django.request:Not Found: /www.gz
Not Found: /www.bz2
WARNING:django.request:Not Found: /www.bz2
Not Found: /www.zst
WARNING:django.request:Not Found: /www.zst
Not Found: /www.sql.gz
WARNING:django.request:Not Found: /www.sql.gz
Not Found: /www.sql.bz2
WARNING:django.request:Not Found: /www.sql.bz2
Not Found: /www.sql
WARNING:django.request:Not Found: /www.sql
Not Found: /web.zip
WARNING:django.request:Not Found: /web.zip
Not Found: /web.tar.gz
WARNING:django.request:Not Found: /web.tar.gz
Not Found: /web.tgz
WARNING:django.request:Not Found: /web.tgz
Not Found: /web.tar
WARNING:django.request:Not Found: /web.tar
Not Found: /web.tar.bz2
WARNING:django.request:Not Found: /web.tar.bz2
Not Found: /web.tar.xz
WARNING:django.request:Not Found: /web.tar.xz
Not Found: /web.7z
WARNING:django.request:Not Found: /web.7z
Not Found: /web.rar
WARNING:django.request:Not Found: /web.rar
Not Found: /web.gz
WARNING:django.request:Not Found: /web.gz
Not Found: /web.bz2
WARNING:django.request:Not Found: /web.bz2
Not Found: /web.zst
WARNING:django.request:Not Found: /web.zst
Not Found: /web.sql.gz
WARNING:django.request:Not Found: /web.sql.gz
Not Found: /web.sql.bz2
WARNING:django.request:Not Found: /web.sql.bz2
Not Found: /web.sql
WARNING:django.request:Not Found: /web.sql
Not Found: /dist.zip
WARNING:django.request:Not Found: /dist.zip
Not Found: /dist.tar.gz
WARNING:django.request:Not Found: /dist.tar.gz
Not Found: /dist.tgz
WARNING:django.request:Not Found: /dist.tgz
Not Found: /dist.tar
WARNING:django.request:Not Found: /dist.tar
Not Found: /dist.tar.bz2
WARNING:django.request:Not Found: /dist.tar.bz2
Not Found: /dist.tar.xz
WARNING:django.request:Not Found: /dist.tar.xz
Not Found: /dist.7z
WARNING:django.request:Not Found: /dist.7z
Not Found: /dist.rar
WARNING:django.request:Not Found: /dist.rar
Not Found: /dist.gz
WARNING:django.request:Not Found: /dist.gz
Not Found: /dist.bz2
WARNING:django.request:Not Found: /dist.bz2
Not Found: /dist.zst
WARNING:django.request:Not Found: /dist.zst
Not Found: /dist.sql.gz
WARNING:django.request:Not Found: /dist.sql.gz
Not Found: /dist.sql.bz2
WARNING:django.request:Not Found: /dist.sql.bz2
Not Found: /dist.sql
WARNING:django.request:Not Found: /dist.sql
Not Found: /build.zip
WARNING:django.request:Not Found: /build.zip
Not Found: /build.tar.gz
WARNING:django.request:Not Found: /build.tar.gz
Not Found: /build.tgz
WARNING:django.request:Not Found: /build.tgz
Not Found: /build.tar
WARNING:django.request:Not Found: /build.tar
Not Found: /build.tar.bz2
WARNING:django.request:Not Found: /build.tar.bz2
Not Found: /build.tar.xz
WARNING:django.request:Not Found: /build.tar.xz
Not Found: /build.7z
WARNING:django.request:Not Found: /build.7z
Not Found: /build.rar
WARNING:django.request:Not Found: /build.rar
Not Found: /build.gz
WARNING:django.request:Not Found: /build.gz
Not Found: /build.bz2
WARNING:django.request:Not Found: /build.bz2
Not Found: /build.zst
WARNING:django.request:Not Found: /build.zst
Not Found: /build.sql.gz
WARNING:django.request:Not Found: /build.sql.gz
Not Found: /build.sql.bz2
WARNING:django.request:Not Found: /build.sql.bz2
Not Found: /build.sql
WARNING:django.request:Not Found: /build.sql
Not Found: /release.zip
WARNING:django.request:Not Found: /release.zip
Not Found: /release.tar.gz
WARNING:django.request:Not Found: /release.tar.gz
Not Found: /release.tgz
WARNING:django.request:Not Found: /release.tgz
Not Found: /release.tar
WARNING:django.request:Not Found: /release.tar
Not Found: /release.tar.bz2
WARNING:django.request:Not Found: /release.tar.bz2
Not Found: /release.tar.xz
WARNING:django.request:Not Found: /release.tar.xz
Not Found: /release.7z
WARNING:django.request:Not Found: /release.7z
Not Found: /release.rar
WARNING:django.request:Not Found: /release.rar
Not Found: /release.gz
WARNING:django.request:Not Found: /release.gz
Not Found: /release.bz2
WARNING:django.request:Not Found: /release.bz2
Not Found: /release.zst
WARNING:django.request:Not Found: /release.zst
Not Found: /release.sql.gz
WARNING:django.request:Not Found: /release.sql.gz
Not Found: /release.sql.bz2
WARNING:django.request:Not Found: /release.sql.bz2
Not Found: /release.sql
WARNING:django.request:Not Found: /release.sql
Not Found: /releases.zip
WARNING:django.request:Not Found: /releases.zip
Not Found: /releases.tar.gz
WARNING:django.request:Not Found: /releases.tar.gz
Not Found: /releases.tgz
WARNING:django.request:Not Found: /releases.tgz
Not Found: /releases.tar
WARNING:django.request:Not Found: /releases.tar
Not Found: /releases.tar.bz2
WARNING:django.request:Not Found: /releases.tar.bz2
Not Found: /releases.tar.xz
WARNING:django.request:Not Found: /releases.tar.xz
Not Found: /releases.7z
WARNING:django.request:Not Found: /releases.7z
Not Found: /releases.rar
WARNING:django.request:Not Found: /releases.rar
Not Found: /releases.gz
WARNING:django.request:Not Found: /releases.gz
Not Found: /releases.bz2
WARNING:django.request:Not Found: /releases.bz2
Not Found: /releases.zst
WARNING:django.request:Not Found: /releases.zst
Not Found: /releases.sql.gz
WARNING:django.request:Not Found: /releases.sql.gz
Not Found: /releases.sql.bz2
WARNING:django.request:Not Found: /releases.sql.bz2
Not Found: /releases.sql
WARNING:django.request:Not Found: /releases.sql
Not Found: /current.zip
WARNING:django.request:Not Found: /current.zip
Not Found: /current.tar.gz
WARNING:django.request:Not Found: /current.tar.gz
Not Found: /current.tgz
WARNING:django.request:Not Found: /current.tgz
Not Found: /current.tar
WARNING:django.request:Not Found: /current.tar
Not Found: /current.tar.bz2
WARNING:django.request:Not Found: /current.tar.bz2
Not Found: /current.tar.xz
WARNING:django.request:Not Found: /current.tar.xz
Not Found: /current.7z
WARNING:django.request:Not Found: /current.7z
Not Found: /current.rar
WARNING:django.request:Not Found: /current.rar
Not Found: /current.gz
WARNING:django.request:Not Found: /current.gz
Not Found: /current.bz2
WARNING:django.request:Not Found: /current.bz2
Not Found: /current.zst
WARNING:django.request:Not Found: /current.zst
Not Found: /current.sql.gz
WARNING:django.request:Not Found: /current.sql.gz
Not Found: /current.sql.bz2
WARNING:django.request:Not Found: /current.sql.bz2
Not Found: /current.sql
WARNING:django.request:Not Found: /current.sql
Not Found: /db.zip
WARNING:django.request:Not Found: /db.zip
Not Found: /db.tar.gz
WARNING:django.request:Not Found: /db.tar.gz
Not Found: /db.tgz
WARNING:django.request:Not Found: /db.tgz
Not Found: /db.tar
WARNING:django.request:Not Found: /db.tar
Not Found: /db.tar.bz2
WARNING:django.request:Not Found: /db.tar.bz2
Not Found: /db.tar.xz
WARNING:django.request:Not Found: /db.tar.xz
Not Found: /db.7z
WARNING:django.request:Not Found: /db.7z
Not Found: /db.rar
WARNING:django.request:Not Found: /db.rar
Not Found: /db.gz
WARNING:django.request:Not Found: /db.gz
Not Found: /db.bz2
WARNING:django.request:Not Found: /db.bz2
Not Found: /db.zst
WARNING:django.request:Not Found: /db.zst
Not Found: /db.sql.gz
WARNING:django.request:Not Found: /db.sql.gz
Not Found: /db.sql.bz2
WARNING:django.request:Not Found: /db.sql.bz2
Not Found: /db.sql
WARNING:django.request:Not Found: /db.sql
Not Found: /db_backup.zip
WARNING:django.request:Not Found: /db_backup.zip
Not Found: /db_backup.tar.gz
WARNING:django.request:Not Found: /db_backup.tar.gz
Not Found: /db_backup.tgz
WARNING:django.request:Not Found: /db_backup.tgz
Not Found: /db_backup.tar
WARNING:django.request:Not Found: /db_backup.tar
Not Found: /db_backup.tar.bz2
WARNING:django.request:Not Found: /db_backup.tar.bz2
Not Found: /db_backup.tar.xz
WARNING:django.request:Not Found: /db_backup.tar.xz
Not Found: /db_backup.7z
WARNING:django.request:Not Found: /db_backup.7z
Not Found: /db_backup.rar
WARNING:django.request:Not Found: /db_backup.rar
Not Found: /db_backup.gz
WARNING:django.request:Not Found: /db_backup.gz
Not Found: /db_backup.bz2
WARNING:django.request:Not Found: /db_backup.bz2
Not Found: /db_backup.zst
WARNING:django.request:Not Found: /db_backup.zst
Not Found: /db_backup.sql.gz
WARNING:django.request:Not Found: /db_backup.sql.gz
Not Found: /db_backup.sql.bz2
WARNING:django.request:Not Found: /db_backup.sql.bz2
Not Found: /db_backup.sql
WARNING:django.request:Not Found: /db_backup.sql
Not Found: /database.zip
WARNING:django.request:Not Found: /database.zip
Not Found: /database.tar.gz
WARNING:django.request:Not Found: /database.tar.gz
Not Found: /database.tgz
WARNING:django.request:Not Found: /database.tgz
Not Found: /database.tar
WARNING:django.request:Not Found: /database.tar
Not Found: /database.tar.bz2
WARNING:django.request:Not Found: /database.tar.bz2
Not Found: /database.tar.xz
WARNING:django.request:Not Found: /database.tar.xz
Not Found: /database.7z
WARNING:django.request:Not Found: /database.7z
Not Found: /database.rar
WARNING:django.request:Not Found: /database.rar
Not Found: /database.gz
WARNING:django.request:Not Found: /database.gz
Not Found: /database.bz2
WARNING:django.request:Not Found: /database.bz2
Not Found: /database.zst
WARNING:django.request:Not Found: /database.zst
Not Found: /database.sql.gz
WARNING:django.request:Not Found: /database.sql.gz
Not Found: /database.sql.bz2
WARNING:django.request:Not Found: /database.sql.bz2
Not Found: /database.sql
WARNING:django.request:Not Found: /database.sql
Not Found: /data.zip
WARNING:django.request:Not Found: /data.zip
Not Found: /data.tar.gz
WARNING:django.request:Not Found: /data.tar.gz
Not Found: /data.tgz
WARNING:django.request:Not Found: /data.tgz
Not Found: /data.tar
WARNING:django.request:Not Found: /data.tar
Not Found: /data.tar.bz2
WARNING:django.request:Not Found: /data.tar.bz2
Not Found: /data.tar.xz
WARNING:django.request:Not Found: /data.tar.xz
Not Found: /data.7z
WARNING:django.request:Not Found: /data.7z
Not Found: /data.rar
WARNING:django.request:Not Found: /data.rar
Not Found: /data.gz
WARNING:django.request:Not Found: /data.gz
Not Found: /data.bz2
WARNING:django.request:Not Found: /data.bz2
Not Found: /data.zst
WARNING:django.request:Not Found: /data.zst
Not Found: /data.sql.gz
WARNING:django.request:Not Found: /data.sql.gz
Not Found: /data.sql.bz2
WARNING:django.request:Not Found: /data.sql.bz2
Not Found: /data.sql
WARNING:django.request:Not Found: /data.sql
Not Found: /files.zip
WARNING:django.request:Not Found: /files.zip
Not Found: /files.tar.gz
WARNING:django.request:Not Found: /files.tar.gz
Not Found: /files.tgz
WARNING:django.request:Not Found: /files.tgz
Not Found: /files.tar
WARNING:django.request:Not Found: /files.tar
Not Found: /files.tar.bz2
WARNING:django.request:Not Found: /files.tar.bz2
Not Found: /files.tar.xz
WARNING:django.request:Not Found: /files.tar.xz
Not Found: /files.7z
WARNING:django.request:Not Found: /files.7z
Not Found: /files.rar
WARNING:django.request:Not Found: /files.rar
Not Found: /files.gz
WARNING:django.request:Not Found: /files.gz
Not Found: /files.bz2
WARNING:django.request:Not Found: /files.bz2
Not Found: /files.zst
WARNING:django.request:Not Found: /files.zst
Not Found: /files.sql.gz
WARNING:django.request:Not Found: /files.sql.gz
Not Found: /files.sql.bz2
WARNING:django.request:Not Found: /files.sql.bz2
Not Found: /files.sql
WARNING:django.request:Not Found: /files.sql
Not Found: /uploads.zip
WARNING:django.request:Not Found: /uploads.zip
Not Found: /uploads.tar.gz
WARNING:django.request:Not Found: /uploads.tar.gz
Not Found: /uploads.tgz
WARNING:django.request:Not Found: /uploads.tgz
Not Found: /uploads.tar
WARNING:django.request:Not Found: /uploads.tar
Not Found: /uploads.tar.bz2
WARNING:django.request:Not Found: /uploads.tar.bz2
Not Found: /uploads.tar.xz
WARNING:django.request:Not Found: /uploads.tar.xz
Not Found: /uploads.7z
WARNING:django.request:Not Found: /uploads.7z
Not Found: /uploads.rar
WARNING:django.request:Not Found: /uploads.rar
Not Found: /uploads.gz
WARNING:django.request:Not Found: /uploads.gz
Not Found: /uploads.bz2
WARNING:django.request:Not Found: /uploads.bz2
Not Found: /uploads.zst
WARNING:django.request:Not Found: /uploads.zst
Not Found: /uploads.sql.gz
WARNING:django.request:Not Found: /uploads.sql.gz
Not Found: /uploads.sql.bz2
WARNING:django.request:Not Found: /uploads.sql.bz2
Not Found: /uploads.sql
WARNING:django.request:Not Found: /uploads.sql
Not Found: /admin.zip
WARNING:django.request:Not Found: /admin.zip
Not Found: /admin.tar.gz
WARNING:django.request:Not Found: /admin.tar.gz
Not Found: /admin.tgz
WARNING:django.request:Not Found: /admin.tgz
Not Found: /admin.tar
WARNING:django.request:Not Found: /admin.tar
Not Found: /admin.tar.bz2
WARNING:django.request:Not Found: /admin.tar.bz2
Not Found: /admin.tar.xz
WARNING:django.request:Not Found: /admin.tar.xz
Not Found: /admin.7z
WARNING:django.request:Not Found: /admin.7z
Not Found: /admin.rar
WARNING:django.request:Not Found: /admin.rar
Not Found: /admin.gz
WARNING:django.request:Not Found: /admin.gz
Not Found: /admin.bz2
WARNING:django.request:Not Found: /admin.bz2
Not Found: /admin.zst
WARNING:django.request:Not Found: /admin.zst
Not Found: /admin.sql.gz
WARNING:django.request:Not Found: /admin.sql.gz
Not Found: /admin.sql.bz2
WARNING:django.request:Not Found: /admin.sql.bz2
Not Found: /admin.sql
WARNING:django.request:Not Found: /admin.sql
Not Found: /config.zip
WARNING:django.request:Not Found: /config.zip
Not Found: /config.tar.gz
WARNING:django.request:Not Found: /config.tar.gz
Not Found: /config.tgz
WARNING:django.request:Not Found: /config.tgz
Not Found: /config.tar
WARNING:django.request:Not Found: /config.tar
Not Found: /config.tar.bz2
WARNING:django.request:Not Found: /config.tar.bz2
Not Found: /config.tar.xz
WARNING:django.request:Not Found: /config.tar.xz
Not Found: /config.7z
WARNING:django.request:Not Found: /config.7z
Not Found: /config.rar
WARNING:django.request:Not Found: /config.rar
Not Found: /config.gz
WARNING:django.request:Not Found: /config.gz
Not Found: /config.bz2
WARNING:django.request:Not Found: /config.bz2
Not Found: /config.zst
WARNING:django.request:Not Found: /config.zst
Not Found: /config.sql.gz
WARNING:django.request:Not Found: /config.sql.gz
Not Found: /config.sql.bz2
WARNING:django.request:Not Found: /config.sql.bz2
Not Found: /config.sql
WARNING:django.request:Not Found: /config.sql
Not Found: /configs.zip
WARNING:django.request:Not Found: /configs.zip
Not Found: /configs.tar.gz
WARNING:django.request:Not Found: /configs.tar.gz
Not Found: /configs.tgz
WARNING:django.request:Not Found: /configs.tgz
Not Found: /configs.tar
WARNING:django.request:Not Found: /configs.tar
Not Found: /configs.tar.bz2
WARNING:django.request:Not Found: /configs.tar.bz2
Not Found: /configs.tar.xz
WARNING:django.request:Not Found: /configs.tar.xz
Not Found: /configs.7z
WARNING:django.request:Not Found: /configs.7z
Not Found: /configs.rar
WARNING:django.request:Not Found: /configs.rar
Not Found: /configs.gz
WARNING:django.request:Not Found: /configs.gz
Not Found: /configs.bz2
WARNING:django.request:Not Found: /configs.bz2
Not Found: /configs.zst
WARNING:django.request:Not Found: /configs.zst
Not Found: /configs.sql.gz
WARNING:django.request:Not Found: /configs.sql.gz
Not Found: /configs.sql.bz2
WARNING:django.request:Not Found: /configs.sql.bz2
Not Found: /configs.sql
WARNING:django.request:Not Found: /configs.sql
Not Found: /old.zip
WARNING:django.request:Not Found: /old.zip
Not Found: /old.tar.gz
WARNING:django.request:Not Found: /old.tar.gz
Not Found: /old.tgz
WARNING:django.request:Not Found: /old.tgz
Not Found: /old.tar
WARNING:django.request:Not Found: /old.tar
Not Found: /old.tar.bz2
WARNING:django.request:Not Found: /old.tar.bz2
Not Found: /old.tar.xz
WARNING:django.request:Not Found: /old.tar.xz
Not Found: /old.7z
WARNING:django.request:Not Found: /old.7z
Not Found: /old.rar
WARNING:django.request:Not Found: /old.rar
Not Found: /old.gz
WARNING:django.request:Not Found: /old.gz
Not Found: /old.bz2
WARNING:django.request:Not Found: /old.bz2
Not Found: /old.zst
WARNING:django.request:Not Found: /old.zst
Not Found: /old.sql.gz
WARNING:django.request:Not Found: /old.sql.gz
Not Found: /old.sql.bz2
WARNING:django.request:Not Found: /old.sql.bz2
Not Found: /old.sql
WARNING:django.request:Not Found: /old.sql
Not Found: /dev.zip
WARNING:django.request:Not Found: /dev.zip
Not Found: /dev.tar.gz
WARNING:django.request:Not Found: /dev.tar.gz
Not Found: /dev.tgz
WARNING:django.request:Not Found: /dev.tgz
Not Found: /dev.tar
WARNING:django.request:Not Found: /dev.tar
Not Found: /dev.tar.bz2
WARNING:django.request:Not Found: /dev.tar.bz2
Not Found: /dev.tar.xz
WARNING:django.request:Not Found: /dev.tar.xz
Not Found: /dev.7z
WARNING:django.request:Not Found: /dev.7z
Not Found: /dev.rar
WARNING:django.request:Not Found: /dev.rar
Not Found: /dev.gz
WARNING:django.request:Not Found: /dev.gz
Not Found: /dev.bz2
WARNING:django.request:Not Found: /dev.bz2
Not Found: /dev.zst
WARNING:django.request:Not Found: /dev.zst
Not Found: /dev.sql.gz
WARNING:django.request:Not Found: /dev.sql.gz
Not Found: /dev.sql.bz2
WARNING:django.request:Not Found: /dev.sql.bz2
Not Found: /dev.sql
WARNING:django.request:Not Found: /dev.sql
Not Found: /test.zip
WARNING:django.request:Not Found: /test.zip
Not Found: /test.tar.gz
WARNING:django.request:Not Found: /test.tar.gz
Not Found: /test.tgz
WARNING:django.request:Not Found: /test.tgz
Not Found: /test.tar
WARNING:django.request:Not Found: /test.tar
Not Found: /test.tar.bz2
WARNING:django.request:Not Found: /test.tar.bz2
Not Found: /test.tar.xz
WARNING:django.request:Not Found: /test.tar.xz
Not Found: /test.7z
WARNING:django.request:Not Found: /test.7z
Not Found: /test.rar
WARNING:django.request:Not Found: /test.rar
Not Found: /test.gz
WARNING:django.request:Not Found: /test.gz
Not Found: /test.bz2
WARNING:django.request:Not Found: /test.bz2
Not Found: /test.zst
WARNING:django.request:Not Found: /test.zst
Not Found: /test.sql.gz
WARNING:django.request:Not Found: /test.sql.gz
Not Found: /test.sql.bz2
WARNING:django.request:Not Found: /test.sql.bz2
Not Found: /test.sql
WARNING:django.request:Not Found: /test.sql
Not Found: /staging.zip
WARNING:django.request:Not Found: /staging.zip
Not Found: /staging.tar.gz
WARNING:django.request:Not Found: /staging.tar.gz
Not Found: /staging.tgz
WARNING:django.request:Not Found: /staging.tgz
Not Found: /staging.tar
WARNING:django.request:Not Found: /staging.tar
Not Found: /staging.tar.bz2
WARNING:django.request:Not Found: /staging.tar.bz2
Not Found: /staging.tar.xz
WARNING:django.request:Not Found: /staging.tar.xz
Not Found: /staging.7z
WARNING:django.request:Not Found: /staging.7z
Not Found: /staging.rar
WARNING:django.request:Not Found: /staging.rar
Not Found: /staging.gz
WARNING:django.request:Not Found: /staging.gz
Not Found: /staging.bz2
WARNING:django.request:Not Found: /staging.bz2
Not Found: /staging.zst
WARNING:django.request:Not Found: /staging.zst
Not Found: /staging.sql.gz
WARNING:django.request:Not Found: /staging.sql.gz
Not Found: /staging.sql.bz2
WARNING:django.request:Not Found: /staging.sql.bz2
Not Found: /staging.sql
WARNING:django.request:Not Found: /staging.sql
Not Found: /htdocs.zip
WARNING:django.request:Not Found: /htdocs.zip
Not Found: /htdocs.tar.gz
WARNING:django.request:Not Found: /htdocs.tar.gz
Not Found: /htdocs.tgz
WARNING:django.request:Not Found: /htdocs.tgz
Not Found: /htdocs.tar
WARNING:django.request:Not Found: /htdocs.tar
Not Found: /htdocs.tar.bz2
WARNING:django.request:Not Found: /htdocs.tar.bz2
Not Found: /htdocs.tar.xz
WARNING:django.request:Not Found: /htdocs.tar.xz
Not Found: /htdocs.7z
WARNING:django.request:Not Found: /htdocs.7z
Not Found: /htdocs.rar
WARNING:django.request:Not Found: /htdocs.rar
Not Found: /htdocs.gz
WARNING:django.request:Not Found: /htdocs.gz
Not Found: /htdocs.bz2
WARNING:django.request:Not Found: /htdocs.bz2
Not Found: /htdocs.zst
WARNING:django.request:Not Found: /htdocs.zst
Not Found: /htdocs.sql.gz
WARNING:django.request:Not Found: /htdocs.sql.gz
Not Found: /htdocs.sql.bz2
WARNING:django.request:Not Found: /htdocs.sql.bz2
Not Found: /htdocs.sql
WARNING:django.request:Not Found: /htdocs.sql
Not Found: /public_html.zip
WARNING:django.request:Not Found: /public_html.zip
Not Found: /public_html.tar.gz
WARNING:django.request:Not Found: /public_html.tar.gz
Not Found: /public_html.tgz
WARNING:django.request:Not Found: /public_html.tgz
Not Found: /public_html.tar
WARNING:django.request:Not Found: /public_html.tar
Not Found: /public_html.tar.bz2
WARNING:django.request:Not Found: /public_html.tar.bz2
Not Found: /public_html.tar.xz
WARNING:django.request:Not Found: /public_html.tar.xz
Not Found: /public_html.7z
WARNING:django.request:Not Found: /public_html.7z
Not Found: /public_html.rar
WARNING:django.request:Not Found: /public_html.rar
Not Found: /public_html.gz
WARNING:django.request:Not Found: /public_html.gz
Not Found: /public_html.bz2
WARNING:django.request:Not Found: /public_html.bz2
Not Found: /public_html.zst
WARNING:django.request:Not Found: /public_html.zst
Not Found: /public_html.sql.gz
WARNING:django.request:Not Found: /public_html.sql.gz
Not Found: /public_html.sql.bz2
WARNING:django.request:Not Found: /public_html.sql.bz2
Not Found: /public_html.sql
WARNING:django.request:Not Found: /public_html.sql
Not Found: /public.zip
WARNING:django.request:Not Found: /public.zip
Not Found: /public.tar.gz
WARNING:django.request:Not Found: /public.tar.gz
Not Found: /public.tgz
WARNING:django.request:Not Found: /public.tgz
Not Found: /public.tar
WARNING:django.request:Not Found: /public.tar
Not Found: /public.tar.bz2
WARNING:django.request:Not Found: /public.tar.bz2
Not Found: /public.tar.xz
WARNING:django.request:Not Found: /public.tar.xz
Not Found: /public.7z
WARNING:django.request:Not Found: /public.7z
Not Found: /public.rar
WARNING:django.request:Not Found: /public.rar
Not Found: /public.gz
WARNING:django.request:Not Found: /public.gz
Not Found: /public.bz2
WARNING:django.request:Not Found: /public.bz2
Not Found: /public.zst
WARNING:django.request:Not Found: /public.zst
Not Found: /public.sql.gz
WARNING:django.request:Not Found: /public.sql.gz
Not Found: /public.sql.bz2
WARNING:django.request:Not Found: /public.sql.bz2
Not Found: /public.sql
WARNING:django.request:Not Found: /public.sql
Not Found: /private.zip
WARNING:django.request:Not Found: /private.zip
Not Found: /private.tar.gz
WARNING:django.request:Not Found: /private.tar.gz
Not Found: /private.tgz
WARNING:django.request:Not Found: /private.tgz
Not Found: /private.tar
WARNING:django.request:Not Found: /private.tar
Not Found: /private.tar.bz2
WARNING:django.request:Not Found: /private.tar.bz2
Not Found: /private.tar.xz
WARNING:django.request:Not Found: /private.tar.xz
Not Found: /private.7z
WARNING:django.request:Not Found: /private.7z
Not Found: /private.rar
WARNING:django.request:Not Found: /private.rar
Not Found: /private.gz
WARNING:django.request:Not Found: /private.gz
Not Found: /private.bz2
WARNING:django.request:Not Found: /private.bz2
Not Found: /private.zst
WARNING:django.request:Not Found: /private.zst
Not Found: /private.sql.gz
WARNING:django.request:Not Found: /private.sql.gz
Not Found: /private.sql.bz2
WARNING:django.request:Not Found: /private.sql.bz2
Not Found: /private.sql
WARNING:django.request:Not Found: /private.sql
Not Found: /var.zip
WARNING:django.request:Not Found: /var.zip
Not Found: /var.tar.gz
WARNING:django.request:Not Found: /var.tar.gz
Not Found: /var.tgz
WARNING:django.request:Not Found: /var.tgz
Not Found: /var.tar
WARNING:django.request:Not Found: /var.tar
Not Found: /var.tar.bz2
WARNING:django.request:Not Found: /var.tar.bz2
Not Found: /var.tar.xz
WARNING:django.request:Not Found: /var.tar.xz
Not Found: /var.7z
WARNING:django.request:Not Found: /var.7z
Not Found: /var.rar
WARNING:django.request:Not Found: /var.rar
Not Found: /var.gz
WARNING:django.request:Not Found: /var.gz
Not Found: /var.bz2
WARNING:django.request:Not Found: /var.bz2
Not Found: /var.zst
WARNING:django.request:Not Found: /var.zst
Not Found: /var.sql.gz
WARNING:django.request:Not Found: /var.sql.gz
Not Found: /var.sql.bz2
WARNING:django.request:Not Found: /var.sql.bz2
Not Found: /var.sql
WARNING:django.request:Not Found: /var.sql
Not Found: /storage.zip
WARNING:django.request:Not Found: /storage.zip
Not Found: /storage.tar.gz
WARNING:django.request:Not Found: /storage.tar.gz
Not Found: /storage.tgz
WARNING:django.request:Not Found: /storage.tgz
Not Found: /storage.tar
WARNING:django.request:Not Found: /storage.tar
Not Found: /storage.tar.bz2
WARNING:django.request:Not Found: /storage.tar.bz2
Not Found: /storage.tar.xz
WARNING:django.request:Not Found: /storage.tar.xz
Not Found: /storage.7z
WARNING:django.request:Not Found: /storage.7z
Not Found: /storage.rar
WARNING:django.request:Not Found: /storage.rar
Not Found: /storage.gz
WARNING:django.request:Not Found: /storage.gz
Not Found: /storage.bz2
WARNING:django.request:Not Found: /storage.bz2
Not Found: /storage.zst
WARNING:django.request:Not Found: /storage.zst
Not Found: /storage.sql.gz
WARNING:django.request:Not Found: /storage.sql.gz
Not Found: /storage.sql.bz2
WARNING:django.request:Not Found: /storage.sql.bz2
Not Found: /storage.sql
WARNING:django.request:Not Found: /storage.sql
Not Found: /wp-content.zip
WARNING:django.request:Not Found: /wp-content.zip
Not Found: /wp-content.tar.gz
WARNING:django.request:Not Found: /wp-content.tar.gz
Not Found: /wp-content.tgz
WARNING:django.request:Not Found: /wp-content.tgz
Not Found: /wp-content.tar
WARNING:django.request:Not Found: /wp-content.tar
Not Found: /wp-content.tar.bz2
WARNING:django.request:Not Found: /wp-content.tar.bz2
Not Found: /wp-content.tar.xz
WARNING:django.request:Not Found: /wp-content.tar.xz
Not Found: /wp-content.7z
WARNING:django.request:Not Found: /wp-content.7z
Not Found: /wp-content.rar
WARNING:django.request:Not Found: /wp-content.rar
Not Found: /wp-content.gz
WARNING:django.request:Not Found: /wp-content.gz
Not Found: /wp-content.bz2
WARNING:django.request:Not Found: /wp-content.bz2
Not Found: /wp-content.zst
WARNING:django.request:Not Found: /wp-content.zst
Not Found: /wp-content.sql.gz
WARNING:django.request:Not Found: /wp-content.sql.gz
Not Found: /wp-content.sql.bz2
WARNING:django.request:Not Found: /wp-content.sql.bz2
Not Found: /wp-content.sql
WARNING:django.request:Not Found: /wp-content.sql
Not Found: /wp-includes.zip
WARNING:django.request:Not Found: /wp-includes.zip
Not Found: /wp-includes.tar.gz
WARNING:django.request:Not Found: /wp-includes.tar.gz
Not Found: /wp-includes.tgz
WARNING:django.request:Not Found: /wp-includes.tgz
Not Found: /wp-includes.tar
WARNING:django.request:Not Found: /wp-includes.tar
Not Found: /wp-includes.tar.bz2
WARNING:django.request:Not Found: /wp-includes.tar.bz2
Not Found: /wp-includes.tar.xz
WARNING:django.request:Not Found: /wp-includes.tar.xz
Not Found: /wp-includes.7z
WARNING:django.request:Not Found: /wp-includes.7z
Not Found: /wp-includes.rar
WARNING:django.request:Not Found: /wp-includes.rar
Not Found: /wp-includes.gz
WARNING:django.request:Not Found: /wp-includes.gz
Not Found: /wp-includes.bz2
WARNING:django.request:Not Found: /wp-includes.bz2
Not Found: /wp-includes.zst
WARNING:django.request:Not Found: /wp-includes.zst
Not Found: /wp-includes.sql.gz
WARNING:django.request:Not Found: /wp-includes.sql.gz
Not Found: /wp-includes.sql.bz2
WARNING:django.request:Not Found: /wp-includes.sql.bz2
Not Found: /wp-includes.sql
WARNING:django.request:Not Found: /wp-includes.sql
Not Found: /wordpress.zip
WARNING:django.request:Not Found: /wordpress.zip
Not Found: /wordpress.tar.gz
WARNING:django.request:Not Found: /wordpress.tar.gz
Not Found: /wordpress.tgz
WARNING:django.request:Not Found: /wordpress.tgz
Not Found: /wordpress.tar
WARNING:django.request:Not Found: /wordpress.tar
Not Found: /wordpress.tar.bz2
WARNING:django.request:Not Found: /wordpress.tar.bz2
Not Found: /wordpress.tar.xz
WARNING:django.request:Not Found: /wordpress.tar.xz
Not Found: /wordpress.7z
WARNING:django.request:Not Found: /wordpress.7z
Not Found: /wordpress.rar
WARNING:django.request:Not Found: /wordpress.rar
Not Found: /wordpress.gz
WARNING:django.request:Not Found: /wordpress.gz
Not Found: /wordpress.bz2
WARNING:django.request:Not Found: /wordpress.bz2
Not Found: /wordpress.zst
WARNING:django.request:Not Found: /wordpress.zst
Not Found: /wordpress.sql.gz
WARNING:django.request:Not Found: /wordpress.sql.gz
Not Found: /wordpress.sql.bz2
WARNING:django.request:Not Found: /wordpress.sql.bz2
Not Found: /wordpress.sql
WARNING:django.request:Not Found: /wordpress.sql
Not Found: /joomla.zip
WARNING:django.request:Not Found: /joomla.zip
Not Found: /joomla.tar.gz
WARNING:django.request:Not Found: /joomla.tar.gz
Not Found: /joomla.tgz
WARNING:django.request:Not Found: /joomla.tgz
Not Found: /joomla.tar
WARNING:django.request:Not Found: /joomla.tar
Not Found: /joomla.tar.bz2
WARNING:django.request:Not Found: /joomla.tar.bz2
Not Found: /joomla.tar.xz
WARNING:django.request:Not Found: /joomla.tar.xz
Not Found: /joomla.7z
WARNING:django.request:Not Found: /joomla.7z
Not Found: /joomla.rar
WARNING:django.request:Not Found: /joomla.rar
Not Found: /joomla.gz
WARNING:django.request:Not Found: /joomla.gz
Not Found: /joomla.bz2
WARNING:django.request:Not Found: /joomla.bz2
Not Found: /joomla.zst
WARNING:django.request:Not Found: /joomla.zst
Not Found: /joomla.sql.gz
WARNING:django.request:Not Found: /joomla.sql.gz
Not Found: /joomla.sql.bz2
WARNING:django.request:Not Found: /joomla.sql.bz2
Not Found: /joomla.sql
WARNING:django.request:Not Found: /joomla.sql
Not Found: /drupal.zip
WARNING:django.request:Not Found: /drupal.zip
Not Found: /drupal.tar.gz
WARNING:django.request:Not Found: /drupal.tar.gz
Not Found: /drupal.tgz
WARNING:django.request:Not Found: /drupal.tgz
Not Found: /drupal.tar
WARNING:django.request:Not Found: /drupal.tar
Not Found: /drupal.tar.bz2
WARNING:django.request:Not Found: /drupal.tar.bz2
Not Found: /drupal.tar.xz
WARNING:django.request:Not Found: /drupal.tar.xz
Not Found: /drupal.7z
WARNING:django.request:Not Found: /drupal.7z
Not Found: /drupal.rar
WARNING:django.request:Not Found: /drupal.rar
Not Found: /drupal.gz
WARNING:django.request:Not Found: /drupal.gz
Not Found: /drupal.bz2
WARNING:django.request:Not Found: /drupal.bz2
Not Found: /drupal.zst
WARNING:django.request:Not Found: /drupal.zst
Not Found: /drupal.sql.gz
WARNING:django.request:Not Found: /drupal.sql.gz
Not Found: /drupal.sql.bz2
WARNING:django.request:Not Found: /drupal.sql.bz2
Not Found: /drupal.sql
WARNING:django.request:Not Found: /drupal.sql
Not Found: /laravel.zip
WARNING:django.request:Not Found: /laravel.zip
Not Found: /laravel.tar.gz
WARNING:django.request:Not Found: /laravel.tar.gz
Not Found: /laravel.tgz
WARNING:django.request:Not Found: /laravel.tgz
Not Found: /laravel.tar
WARNING:django.request:Not Found: /laravel.tar
Not Found: /laravel.tar.bz2
WARNING:django.request:Not Found: /laravel.tar.bz2
Not Found: /laravel.tar.xz
WARNING:django.request:Not Found: /laravel.tar.xz
Not Found: /laravel.7z
WARNING:django.request:Not Found: /laravel.7z
Not Found: /laravel.rar
WARNING:django.request:Not Found: /laravel.rar
Not Found: /laravel.gz
WARNING:django.request:Not Found: /laravel.gz
Not Found: /laravel.bz2
WARNING:django.request:Not Found: /laravel.bz2
Not Found: /laravel.zst
WARNING:django.request:Not Found: /laravel.zst
Not Found: /laravel.sql.gz
WARNING:django.request:Not Found: /laravel.sql.gz
Not Found: /laravel.sql.bz2
WARNING:django.request:Not Found: /laravel.sql.bz2
Not Found: /laravel.sql
WARNING:django.request:Not Found: /laravel.sql
Not Found: /symfony.zip
WARNING:django.request:Not Found: /symfony.zip
Not Found: /symfony.tar.gz
WARNING:django.request:Not Found: /symfony.tar.gz
Not Found: /symfony.tgz
WARNING:django.request:Not Found: /symfony.tgz
Not Found: /symfony.tar
WARNING:django.request:Not Found: /symfony.tar
Not Found: /symfony.tar.bz2
WARNING:django.request:Not Found: /symfony.tar.bz2
Not Found: /symfony.tar.xz
WARNING:django.request:Not Found: /symfony.tar.xz
Not Found: /symfony.7z
WARNING:django.request:Not Found: /symfony.7z
Not Found: /symfony.rar
WARNING:django.request:Not Found: /symfony.rar
Not Found: /symfony.gz
WARNING:django.request:Not Found: /symfony.gz
Not Found: /symfony.bz2
WARNING:django.request:Not Found: /symfony.bz2
Not Found: /symfony.zst
WARNING:django.request:Not Found: /symfony.zst
Not Found: /symfony.sql.gz
WARNING:django.request:Not Found: /symfony.sql.gz
Not Found: /symfony.sql.bz2
WARNING:django.request:Not Found: /symfony.sql.bz2
Not Found: /symfony.sql
WARNING:django.request:Not Found: /symfony.sql
Not Found: /django.zip
WARNING:django.request:Not Found: /django.zip
Not Found: /django.tar.gz
WARNING:django.request:Not Found: /django.tar.gz
Not Found: /django.tgz
WARNING:django.request:Not Found: /django.tgz
Not Found: /django.tar
WARNING:django.request:Not Found: /django.tar
Not Found: /django.tar.bz2
WARNING:django.request:Not Found: /django.tar.bz2
Not Found: /django.tar.xz
WARNING:django.request:Not Found: /django.tar.xz
Not Found: /django.7z
WARNING:django.request:Not Found: /django.7z
Not Found: /django.rar
WARNING:django.request:Not Found: /django.rar
Not Found: /django.gz
WARNING:django.request:Not Found: /django.gz
Not Found: /django.bz2
WARNING:django.request:Not Found: /django.bz2
Not Found: /django.zst
WARNING:django.request:Not Found: /django.zst
Not Found: /django.sql.gz
WARNING:django.request:Not Found: /django.sql.gz
Not Found: /django.sql.bz2
WARNING:django.request:Not Found: /django.sql.bz2
Not Found: /django.sql
WARNING:django.request:Not Found: /django.sql
Not Found: /flask.zip
WARNING:django.request:Not Found: /flask.zip
Not Found: /flask.tar.gz
WARNING:django.request:Not Found: /flask.tar.gz
Not Found: /flask.tgz
WARNING:django.request:Not Found: /flask.tgz
Not Found: /flask.tar
WARNING:django.request:Not Found: /flask.tar
Not Found: /flask.tar.bz2
WARNING:django.request:Not Found: /flask.tar.bz2
Not Found: /flask.tar.xz
WARNING:django.request:Not Found: /flask.tar.xz
Not Found: /flask.7z
WARNING:django.request:Not Found: /flask.7z
Not Found: /flask.rar
WARNING:django.request:Not Found: /flask.rar
Not Found: /flask.gz
WARNING:django.request:Not Found: /flask.gz
Not Found: /flask.bz2
WARNING:django.request:Not Found: /flask.bz2
Not Found: /flask.zst
WARNING:django.request:Not Found: /flask.zst
Not Found: /flask.sql.gz
WARNING:django.request:Not Found: /flask.sql.gz
Not Found: /flask.sql.bz2
WARNING:django.request:Not Found: /flask.sql.bz2
Not Found: /flask.sql
WARNING:django.request:Not Found: /flask.sql
Not Found: /rails.zip
WARNING:django.request:Not Found: /rails.zip
Not Found: /rails.tar.gz
WARNING:django.request:Not Found: /rails.tar.gz
Not Found: /rails.tgz
WARNING:django.request:Not Found: /rails.tgz
Not Found: /rails.tar
WARNING:django.request:Not Found: /rails.tar
Not Found: /rails.tar.bz2
WARNING:django.request:Not Found: /rails.tar.bz2
Not Found: /rails.tar.xz
WARNING:django.request:Not Found: /rails.tar.xz
Not Found: /rails.7z
WARNING:django.request:Not Found: /rails.7z
Not Found: /rails.rar
WARNING:django.request:Not Found: /rails.rar
Not Found: /rails.gz
WARNING:django.request:Not Found: /rails.gz
Not Found: /rails.bz2
WARNING:django.request:Not Found: /rails.bz2
Not Found: /rails.zst
WARNING:django.request:Not Found: /rails.zst
Not Found: /rails.sql.gz
WARNING:django.request:Not Found: /rails.sql.gz
Not Found: /rails.sql.bz2
WARNING:django.request:Not Found: /rails.sql.bz2
Not Found: /rails.sql
WARNING:django.request:Not Found: /rails.sql
Not Found: /node_modules.zip
WARNING:django.request:Not Found: /node_modules.zip
Not Found: /node_modules.tar.gz
WARNING:django.request:Not Found: /node_modules.tar.gz
Not Found: /node_modules.tgz
WARNING:django.request:Not Found: /node_modules.tgz
Not Found: /node_modules.tar
WARNING:django.request:Not Found: /node_modules.tar
Not Found: /node_modules.tar.bz2
WARNING:django.request:Not Found: /node_modules.tar.bz2
Not Found: /node_modules.tar.xz
WARNING:django.request:Not Found: /node_modules.tar.xz
Not Found: /node_modules.7z
WARNING:django.request:Not Found: /node_modules.7z
Not Found: /node_modules.rar
WARNING:django.request:Not Found: /node_modules.rar
Not Found: /node_modules.gz
WARNING:django.request:Not Found: /node_modules.gz
Not Found: /node_modules.bz2
WARNING:django.request:Not Found: /node_modules.bz2
Not Found: /node_modules.zst
WARNING:django.request:Not Found: /node_modules.zst
Not Found: /node_modules.sql.gz
WARNING:django.request:Not Found: /node_modules.sql.gz
Not Found: /node_modules.sql.bz2
WARNING:django.request:Not Found: /node_modules.sql.bz2
Not Found: /node_modules.sql
WARNING:django.request:Not Found: /node_modules.sql
Not Found: /.aws.zip
WARNING:django.request:Not Found: /.aws.zip
Not Found: /.aws.tar.gz
WARNING:django.request:Not Found: /.aws.tar.gz
Not Found: /.aws.tgz
WARNING:django.request:Not Found: /.aws.tgz
Not Found: /.aws.tar
WARNING:django.request:Not Found: /.aws.tar
Not Found: /.aws.tar.bz2
WARNING:django.request:Not Found: /.aws.tar.bz2
Not Found: /.aws.tar.xz
WARNING:django.request:Not Found: /.aws.tar.xz
Not Found: /.aws.7z
WARNING:django.request:Not Found: /.aws.7z
Not Found: /.aws.rar
WARNING:django.request:Not Found: /.aws.rar
Not Found: /.aws.gz
WARNING:django.request:Not Found: /.aws.gz
Not Found: /.aws.bz2
WARNING:django.request:Not Found: /.aws.bz2
Not Found: /.aws.zst
WARNING:django.request:Not Found: /.aws.zst
Not Found: /.aws.sql.gz
WARNING:django.request:Not Found: /.aws.sql.gz
Not Found: /.aws.sql.bz2
WARNING:django.request:Not Found: /.aws.sql.bz2
Not Found: /.aws.sql
WARNING:django.request:Not Found: /.aws.sql
Not Found: /.docker.zip
WARNING:django.request:Not Found: /.docker.zip
Not Found: /.docker.tar.gz
WARNING:django.request:Not Found: /.docker.tar.gz
Not Found: /.docker.tgz
WARNING:django.request:Not Found: /.docker.tgz
Not Found: /.docker.tar
WARNING:django.request:Not Found: /.docker.tar
Not Found: /.docker.tar.bz2
WARNING:django.request:Not Found: /.docker.tar.bz2
Not Found: /.docker.tar.xz
WARNING:django.request:Not Found: /.docker.tar.xz
Not Found: /.docker.7z
WARNING:django.request:Not Found: /.docker.7z
Not Found: /.docker.rar
WARNING:django.request:Not Found: /.docker.rar
Not Found: /.docker.gz
WARNING:django.request:Not Found: /.docker.gz
Not Found: /.docker.bz2
WARNING:django.request:Not Found: /.docker.bz2
Not Found: /.docker.zst
WARNING:django.request:Not Found: /.docker.zst
Not Found: /.docker.sql.gz
WARNING:django.request:Not Found: /.docker.sql.gz
Not Found: /.docker.sql.bz2
WARNING:django.request:Not Found: /.docker.sql.bz2
Not Found: /.docker.sql
WARNING:django.request:Not Found: /.docker.sql
Not Found: /backup_full.zip
WARNING:django.request:Not Found: /backup_full.zip
Not Found: /backup_full.tar.gz
WARNING:django.request:Not Found: /backup_full.tar.gz
Not Found: /backup_full.tgz
WARNING:django.request:Not Found: /backup_full.tgz
Not Found: /backup_full.tar
WARNING:django.request:Not Found: /backup_full.tar
Not Found: /backup_full.tar.bz2
WARNING:django.request:Not Found: /backup_full.tar.bz2
Not Found: /backup_full.tar.xz
WARNING:django.request:Not Found: /backup_full.tar.xz
Not Found: /backup_full.7z
WARNING:django.request:Not Found: /backup_full.7z
Not Found: /backup_full.rar
WARNING:django.request:Not Found: /backup_full.rar
Not Found: /backup_full.gz
WARNING:django.request:Not Found: /backup_full.gz
Not Found: /backup_full.bz2
WARNING:django.request:Not Found: /backup_full.bz2
Not Found: /backup_full.zst
WARNING:django.request:Not Found: /backup_full.zst
Not Found: /backup_full.sql.gz
WARNING:django.request:Not Found: /backup_full.sql.gz
Not Found: /backup_full.sql.bz2
WARNING:django.request:Not Found: /backup_full.sql.bz2
Not Found: /backup_full.sql
WARNING:django.request:Not Found: /backup_full.sql
Not Found: /full_backup.zip
WARNING:django.request:Not Found: /full_backup.zip
Not Found: /full_backup.tar.gz
WARNING:django.request:Not Found: /full_backup.tar.gz
Not Found: /full_backup.tgz
WARNING:django.request:Not Found: /full_backup.tgz
Not Found: /full_backup.tar
WARNING:django.request:Not Found: /full_backup.tar
Not Found: /full_backup.tar.bz2
WARNING:django.request:Not Found: /full_backup.tar.bz2
Not Found: /full_backup.tar.xz
WARNING:django.request:Not Found: /full_backup.tar.xz
Not Found: /full_backup.7z
WARNING:django.request:Not Found: /full_backup.7z
Not Found: /full_backup.rar
WARNING:django.request:Not Found: /full_backup.rar
Not Found: /full_backup.gz
WARNING:django.request:Not Found: /full_backup.gz
Not Found: /full_backup.bz2
WARNING:django.request:Not Found: /full_backup.bz2
Not Found: /full_backup.zst
WARNING:django.request:Not Found: /full_backup.zst
Not Found: /full_backup.sql.gz
WARNING:django.request:Not Found: /full_backup.sql.gz
Not Found: /full_backup.sql.bz2
WARNING:django.request:Not Found: /full_backup.sql.bz2
Not Found: /full_backup.sql
WARNING:django.request:Not Found: /full_backup.sql
Not Found: /site_backup.zip
WARNING:django.request:Not Found: /site_backup.zip
Not Found: /site_backup.tar.gz
WARNING:django.request:Not Found: /site_backup.tar.gz
Not Found: /site_backup.tgz
WARNING:django.request:Not Found: /site_backup.tgz
Not Found: /site_backup.tar
WARNING:django.request:Not Found: /site_backup.tar
Not Found: /site_backup.tar.bz2
WARNING:django.request:Not Found: /site_backup.tar.bz2
Not Found: /site_backup.tar.xz
WARNING:django.request:Not Found: /site_backup.tar.xz
Not Found: /site_backup.7z
WARNING:django.request:Not Found: /site_backup.7z
Not Found: /site_backup.rar
WARNING:django.request:Not Found: /site_backup.rar
Not Found: /site_backup.gz
WARNING:django.request:Not Found: /site_backup.gz
Not Found: /site_backup.bz2
WARNING:django.request:Not Found: /site_backup.bz2
Not Found: /site_backup.zst
WARNING:django.request:Not Found: /site_backup.zst
Not Found: /site_backup.sql.gz
WARNING:django.request:Not Found: /site_backup.sql.gz
Not Found: /site_backup.sql.bz2
WARNING:django.request:Not Found: /site_backup.sql.bz2
Not Found: /site_backup.sql
WARNING:django.request:Not Found: /site_backup.sql
Not Found: /website_backup.zip
WARNING:django.request:Not Found: /website_backup.zip
Not Found: /website_backup.tar.gz
WARNING:django.request:Not Found: /website_backup.tar.gz
Not Found: /website_backup.tgz
WARNING:django.request:Not Found: /website_backup.tgz
Not Found: /website_backup.tar
WARNING:django.request:Not Found: /website_backup.tar
Not Found: /website_backup.tar.bz2
WARNING:django.request:Not Found: /website_backup.tar.bz2
Not Found: /website_backup.tar.xz
WARNING:django.request:Not Found: /website_backup.tar.xz
Not Found: /website_backup.7z
WARNING:django.request:Not Found: /website_backup.7z
Not Found: /website_backup.rar
WARNING:django.request:Not Found: /website_backup.rar
Not Found: /website_backup.gz
WARNING:django.request:Not Found: /website_backup.gz
Not Found: /website_backup.bz2
WARNING:django.request:Not Found: /website_backup.bz2
Not Found: /website_backup.zst
WARNING:django.request:Not Found: /website_backup.zst
Not Found: /website_backup.sql.gz
WARNING:django.request:Not Found: /website_backup.sql.gz
Not Found: /website_backup.sql.bz2
WARNING:django.request:Not Found: /website_backup.sql.bz2
Not Found: /website_backup.sql
WARNING:django.request:Not Found: /website_backup.sql
Not Found: /prod.zip
WARNING:django.request:Not Found: /prod.zip
Not Found: /prod.tar.gz
WARNING:django.request:Not Found: /prod.tar.gz
Not Found: /prod.tgz
WARNING:django.request:Not Found: /prod.tgz
Not Found: /prod.tar
WARNING:django.request:Not Found: /prod.tar
Not Found: /prod.tar.bz2
WARNING:django.request:Not Found: /prod.tar.bz2
Not Found: /prod.tar.xz
WARNING:django.request:Not Found: /prod.tar.xz
Not Found: /prod.7z
WARNING:django.request:Not Found: /prod.7z
Not Found: /prod.rar
WARNING:django.request:Not Found: /prod.rar
Not Found: /prod.gz
WARNING:django.request:Not Found: /prod.gz
Not Found: /prod.bz2
WARNING:django.request:Not Found: /prod.bz2
Not Found: /prod.zst
WARNING:django.request:Not Found: /prod.zst
Not Found: /prod.sql.gz
WARNING:django.request:Not Found: /prod.sql.gz
Not Found: /prod.sql.bz2
WARNING:django.request:Not Found: /prod.sql.bz2
Not Found: /prod.sql
WARNING:django.request:Not Found: /prod.sql
Not Found: /production.zip
WARNING:django.request:Not Found: /production.zip
Not Found: /production.tar.gz
WARNING:django.request:Not Found: /production.tar.gz
Not Found: /production.tgz
WARNING:django.request:Not Found: /production.tgz
Not Found: /production.tar
WARNING:django.request:Not Found: /production.tar
Not Found: /production.tar.bz2
WARNING:django.request:Not Found: /production.tar.bz2
Not Found: /production.tar.xz
WARNING:django.request:Not Found: /production.tar.xz
Not Found: /production.7z
WARNING:django.request:Not Found: /production.7z
Not Found: /production.rar
WARNING:django.request:Not Found: /production.rar
Not Found: /production.gz
WARNING:django.request:Not Found: /production.gz
Not Found: /production.bz2
WARNING:django.request:Not Found: /production.bz2
Not Found: /production.zst
WARNING:django.request:Not Found: /production.zst
Not Found: /production.sql.gz
WARNING:django.request:Not Found: /production.sql.gz
Not Found: /production.sql.bz2
WARNING:django.request:Not Found: /production.sql.bz2
Not Found: /production.sql
WARNING:django.request:Not Found: /production.sql
Not Found: /preprod.zip
WARNING:django.request:Not Found: /preprod.zip
Not Found: /preprod.tar.gz
WARNING:django.request:Not Found: /preprod.tar.gz
Not Found: /preprod.tgz
WARNING:django.request:Not Found: /preprod.tgz
Not Found: /preprod.tar
WARNING:django.request:Not Found: /preprod.tar
Not Found: /preprod.tar.bz2
WARNING:django.request:Not Found: /preprod.tar.bz2
Not Found: /preprod.tar.xz
WARNING:django.request:Not Found: /preprod.tar.xz
Not Found: /preprod.7z
WARNING:django.request:Not Found: /preprod.7z
Not Found: /preprod.rar
WARNING:django.request:Not Found: /preprod.rar
Not Found: /preprod.gz
WARNING:django.request:Not Found: /preprod.gz
Not Found: /preprod.bz2
WARNING:django.request:Not Found: /preprod.bz2
Not Found: /preprod.zst
WARNING:django.request:Not Found: /preprod.zst
Not Found: /preprod.sql.gz
WARNING:django.request:Not Found: /preprod.sql.gz
Not Found: /preprod.sql.bz2
WARNING:django.request:Not Found: /preprod.sql.bz2
Not Found: /preprod.sql
WARNING:django.request:Not Found: /preprod.sql
Not Found: /pre-prod.zip
WARNING:django.request:Not Found: /pre-prod.zip
Not Found: /pre-prod.tar.gz
WARNING:django.request:Not Found: /pre-prod.tar.gz
Not Found: /pre-prod.tgz
WARNING:django.request:Not Found: /pre-prod.tgz
Not Found: /pre-prod.tar
WARNING:django.request:Not Found: /pre-prod.tar
Not Found: /pre-prod.tar.bz2
WARNING:django.request:Not Found: /pre-prod.tar.bz2
Not Found: /pre-prod.tar.xz
WARNING:django.request:Not Found: /pre-prod.tar.xz
Not Found: /pre-prod.7z
WARNING:django.request:Not Found: /pre-prod.7z
Not Found: /pre-prod.rar
WARNING:django.request:Not Found: /pre-prod.rar
Not Found: /pre-prod.gz
WARNING:django.request:Not Found: /pre-prod.gz
Not Found: /pre-prod.bz2
WARNING:django.request:Not Found: /pre-prod.bz2
Not Found: /pre-prod.zst
WARNING:django.request:Not Found: /pre-prod.zst
Not Found: /pre-prod.sql.gz
WARNING:django.request:Not Found: /pre-prod.sql.gz
Not Found: /pre-prod.sql.bz2
WARNING:django.request:Not Found: /pre-prod.sql.bz2
Not Found: /pre-prod.sql
WARNING:django.request:Not Found: /pre-prod.sql
Not Found: /stage.zip
WARNING:django.request:Not Found: /stage.zip
Not Found: /stage.tar.gz
WARNING:django.request:Not Found: /stage.tar.gz
Not Found: /stage.tgz
WARNING:django.request:Not Found: /stage.tgz
Not Found: /stage.tar
WARNING:django.request:Not Found: /stage.tar
Not Found: /stage.tar.bz2
WARNING:django.request:Not Found: /stage.tar.bz2
Not Found: /stage.tar.xz
WARNING:django.request:Not Found: /stage.tar.xz
Not Found: /stage.7z
WARNING:django.request:Not Found: /stage.7z
Not Found: /stage.rar
WARNING:django.request:Not Found: /stage.rar
Not Found: /stage.gz
WARNING:django.request:Not Found: /stage.gz
Not Found: /stage.bz2
WARNING:django.request:Not Found: /stage.bz2
Not Found: /stage.zst
WARNING:django.request:Not Found: /stage.zst
Not Found: /stage.sql.gz
WARNING:django.request:Not Found: /stage.sql.gz
Not Found: /stage.sql.bz2
WARNING:django.request:Not Found: /stage.sql.bz2
Not Found: /stage.sql
WARNING:django.request:Not Found: /stage.sql
Not Found: /backup_db.zip
WARNING:django.request:Not Found: /backup_db.zip
Not Found: /backup_db.tar.gz
WARNING:django.request:Not Found: /backup_db.tar.gz
Not Found: /backup_db.tgz
WARNING:django.request:Not Found: /backup_db.tgz
Not Found: /backup_db.tar
WARNING:django.request:Not Found: /backup_db.tar
Not Found: /backup_db.tar.bz2
WARNING:django.request:Not Found: /backup_db.tar.bz2
Not Found: /backup_db.tar.xz
WARNING:django.request:Not Found: /backup_db.tar.xz
Not Found: /backup_db.7z
WARNING:django.request:Not Found: /backup_db.7z
Not Found: /backup_db.rar
WARNING:django.request:Not Found: /backup_db.rar
Not Found: /backup_db.gz
WARNING:django.request:Not Found: /backup_db.gz
Not Found: /backup_db.bz2
WARNING:django.request:Not Found: /backup_db.bz2
Not Found: /backup_db.zst
WARNING:django.request:Not Found: /backup_db.zst
Not Found: /backup_db.sql.gz
WARNING:django.request:Not Found: /backup_db.sql.gz
Not Found: /backup_db.sql.bz2
WARNING:django.request:Not Found: /backup_db.sql.bz2
Not Found: /backup_db.sql
WARNING:django.request:Not Found: /backup_db.sql
Not Found: /db_dump.zip
WARNING:django.request:Not Found: /db_dump.zip
Not Found: /db_dump.tar.gz
WARNING:django.request:Not Found: /db_dump.tar.gz
Not Found: /db_dump.tgz
WARNING:django.request:Not Found: /db_dump.tgz
Not Found: /db_dump.tar
WARNING:django.request:Not Found: /db_dump.tar
Not Found: /db_dump.tar.bz2
WARNING:django.request:Not Found: /db_dump.tar.bz2
Not Found: /db_dump.tar.xz
WARNING:django.request:Not Found: /db_dump.tar.xz
Not Found: /db_dump.7z
WARNING:django.request:Not Found: /db_dump.7z
Not Found: /db_dump.rar
WARNING:django.request:Not Found: /db_dump.rar
Not Found: /db_dump.gz
WARNING:django.request:Not Found: /db_dump.gz
Not Found: /db_dump.bz2
WARNING:django.request:Not Found: /db_dump.bz2
Not Found: /db_dump.zst
WARNING:django.request:Not Found: /db_dump.zst
Not Found: /db_dump.sql.gz
WARNING:django.request:Not Found: /db_dump.sql.gz
Not Found: /db_dump.sql.bz2
WARNING:django.request:Not Found: /db_dump.sql.bz2
Not Found: /db_dump.sql
WARNING:django.request:Not Found: /db_dump.sql
Not Found: /dump.zip
WARNING:django.request:Not Found: /dump.zip
Not Found: /dump.tar.gz
WARNING:django.request:Not Found: /dump.tar.gz
Not Found: /dump.tgz
WARNING:django.request:Not Found: /dump.tgz
Not Found: /dump.tar
WARNING:django.request:Not Found: /dump.tar
Not Found: /dump.tar.bz2
WARNING:django.request:Not Found: /dump.tar.bz2
Not Found: /dump.tar.xz
WARNING:django.request:Not Found: /dump.tar.xz
Not Found: /dump.7z
WARNING:django.request:Not Found: /dump.7z
Not Found: /dump.rar
WARNING:django.request:Not Found: /dump.rar
Not Found: /dump.gz
WARNING:django.request:Not Found: /dump.gz
Not Found: /dump.bz2
WARNING:django.request:Not Found: /dump.bz2
Not Found: /dump.zst
WARNING:django.request:Not Found: /dump.zst
Not Found: /dump.sql.gz
WARNING:django.request:Not Found: /dump.sql.gz
Not Found: /dump.sql.bz2
WARNING:django.request:Not Found: /dump.sql.bz2
Not Found: /dump.sql
WARNING:django.request:Not Found: /dump.sql
Not Found: /mysqldump.zip
WARNING:django.request:Not Found: /mysqldump.zip
Not Found: /mysqldump.tar.gz
WARNING:django.request:Not Found: /mysqldump.tar.gz
Not Found: /mysqldump.tgz
WARNING:django.request:Not Found: /mysqldump.tgz
Not Found: /mysqldump.tar
WARNING:django.request:Not Found: /mysqldump.tar
Not Found: /mysqldump.tar.bz2
WARNING:django.request:Not Found: /mysqldump.tar.bz2
Not Found: /mysqldump.tar.xz
WARNING:django.request:Not Found: /mysqldump.tar.xz
Not Found: /mysqldump.7z
WARNING:django.request:Not Found: /mysqldump.7z
Not Found: /mysqldump.rar
WARNING:django.request:Not Found: /mysqldump.rar
Not Found: /mysqldump.gz
WARNING:django.request:Not Found: /mysqldump.gz
Not Found: /mysqldump.bz2
WARNING:django.request:Not Found: /mysqldump.bz2
Not Found: /mysqldump.zst
WARNING:django.request:Not Found: /mysqldump.zst
Not Found: /mysqldump.sql.gz
WARNING:django.request:Not Found: /mysqldump.sql.gz
Not Found: /mysqldump.sql.bz2
WARNING:django.request:Not Found: /mysqldump.sql.bz2
Not Found: /mysqldump.sql
WARNING:django.request:Not Found: /mysqldump.sql
Not Found: /pg_dump.zip
WARNING:django.request:Not Found: /pg_dump.zip
Not Found: /pg_dump.tar.gz
WARNING:django.request:Not Found: /pg_dump.tar.gz
Not Found: /pg_dump.tgz
WARNING:django.request:Not Found: /pg_dump.tgz
Not Found: /pg_dump.tar
WARNING:django.request:Not Found: /pg_dump.tar
Not Found: /pg_dump.tar.bz2
WARNING:django.request:Not Found: /pg_dump.tar.bz2
Not Found: /pg_dump.tar.xz
WARNING:django.request:Not Found: /pg_dump.tar.xz
Not Found: /pg_dump.7z
WARNING:django.request:Not Found: /pg_dump.7z
Not Found: /pg_dump.rar
WARNING:django.request:Not Found: /pg_dump.rar
Not Found: /pg_dump.gz
WARNING:django.request:Not Found: /pg_dump.gz
Not Found: /pg_dump.bz2
WARNING:django.request:Not Found: /pg_dump.bz2
Not Found: /pg_dump.zst
WARNING:django.request:Not Found: /pg_dump.zst
Not Found: /pg_dump.sql.gz
WARNING:django.request:Not Found: /pg_dump.sql.gz
Not Found: /pg_dump.sql.bz2
WARNING:django.request:Not Found: /pg_dump.sql.bz2
Not Found: /pg_dump.sql
WARNING:django.request:Not Found: /pg_dump.sql
Not Found: /export.zip
WARNING:django.request:Not Found: /export.zip
Not Found: /export.tar.gz
WARNING:django.request:Not Found: /export.tar.gz
Not Found: /export.tgz
WARNING:django.request:Not Found: /export.tgz
Not Found: /export.tar
WARNING:django.request:Not Found: /export.tar
Not Found: /export.tar.bz2
WARNING:django.request:Not Found: /export.tar.bz2
Not Found: /export.tar.xz
WARNING:django.request:Not Found: /export.tar.xz
Not Found: /export.7z
WARNING:django.request:Not Found: /export.7z
Not Found: /export.rar
WARNING:django.request:Not Found: /export.rar
Not Found: /export.gz
WARNING:django.request:Not Found: /export.gz
Not Found: /export.bz2
WARNING:django.request:Not Found: /export.bz2
Not Found: /export.zst
WARNING:django.request:Not Found: /export.zst
Not Found: /export.sql.gz
WARNING:django.request:Not Found: /export.sql.gz
Not Found: /export.sql.bz2
WARNING:django.request:Not Found: /export.sql.bz2
Not Found: /export.sql
WARNING:django.request:Not Found: /export.sql
Not Found: /exports.zip
WARNING:django.request:Not Found: /exports.zip
Not Found: /exports.tar.gz
WARNING:django.request:Not Found: /exports.tar.gz
Not Found: /exports.tgz
WARNING:django.request:Not Found: /exports.tgz
Not Found: /exports.tar
WARNING:django.request:Not Found: /exports.tar
Not Found: /exports.tar.bz2
WARNING:django.request:Not Found: /exports.tar.bz2
Not Found: /exports.tar.xz
WARNING:django.request:Not Found: /exports.tar.xz
Not Found: /exports.7z
WARNING:django.request:Not Found: /exports.7z
Not Found: /exports.rar
WARNING:django.request:Not Found: /exports.rar
Not Found: /exports.gz
WARNING:django.request:Not Found: /exports.gz
Not Found: /exports.bz2
WARNING:django.request:Not Found: /exports.bz2
Not Found: /exports.zst
WARNING:django.request:Not Found: /exports.zst
Not Found: /exports.sql.gz
WARNING:django.request:Not Found: /exports.sql.gz
Not Found: /exports.sql.bz2
WARNING:django.request:Not Found: /exports.sql.bz2
Not Found: /exports.sql
WARNING:django.request:Not Found: /exports.sql
Not Found: /archive.zip
WARNING:django.request:Not Found: /archive.zip
Not Found: /archive.tar.gz
WARNING:django.request:Not Found: /archive.tar.gz
Not Found: /archive.tgz
WARNING:django.request:Not Found: /archive.tgz
Not Found: /archive.tar
WARNING:django.request:Not Found: /archive.tar
Not Found: /archive.tar.bz2
WARNING:django.request:Not Found: /archive.tar.bz2
Not Found: /archive.tar.xz
WARNING:django.request:Not Found: /archive.tar.xz
Not Found: /archive.7z
WARNING:django.request:Not Found: /archive.7z
Not Found: /archive.rar
WARNING:django.request:Not Found: /archive.rar
Not Found: /archive.gz
WARNING:django.request:Not Found: /archive.gz
Not Found: /archive.bz2
WARNING:django.request:Not Found: /archive.bz2
Not Found: /archive.zst
WARNING:django.request:Not Found: /archive.zst
Not Found: /archive.sql.gz
WARNING:django.request:Not Found: /archive.sql.gz
Not Found: /archive.sql.bz2
WARNING:django.request:Not Found: /archive.sql.bz2
Not Found: /archive.sql
WARNING:django.request:Not Found: /archive.sql
Not Found: /archives.zip
WARNING:django.request:Not Found: /archives.zip
Not Found: /archives.tar.gz
WARNING:django.request:Not Found: /archives.tar.gz
Not Found: /archives.tgz
WARNING:django.request:Not Found: /archives.tgz
Not Found: /archives.tar
WARNING:django.request:Not Found: /archives.tar
Not Found: /archives.tar.bz2
WARNING:django.request:Not Found: /archives.tar.bz2
Not Found: /archives.tar.xz
WARNING:django.request:Not Found: /archives.tar.xz
Not Found: /archives.7z
WARNING:django.request:Not Found: /archives.7z
Not Found: /archives.rar
WARNING:django.request:Not Found: /archives.rar
Not Found: /archives.gz
WARNING:django.request:Not Found: /archives.gz
Not Found: /archives.bz2
WARNING:django.request:Not Found: /archives.bz2
Not Found: /archives.zst
WARNING:django.request:Not Found: /archives.zst
Not Found: /archives.sql.gz
WARNING:django.request:Not Found: /archives.sql.gz
Not Found: /archives.sql.bz2
WARNING:django.request:Not Found: /archives.sql.bz2
Not Found: /archives.sql
WARNING:django.request:Not Found: /archives.sql
Not Found: /app.zip
WARNING:django.request:Not Found: /app.zip
Not Found: /app.tar.gz
WARNING:django.request:Not Found: /app.tar.gz
Not Found: /app.tgz
WARNING:django.request:Not Found: /app.tgz
Not Found: /app.tar
WARNING:django.request:Not Found: /app.tar
Not Found: /app.tar.bz2
WARNING:django.request:Not Found: /app.tar.bz2
Not Found: /app.tar.xz
WARNING:django.request:Not Found: /app.tar.xz
Not Found: /app.7z
WARNING:django.request:Not Found: /app.7z
Not Found: /app.rar
WARNING:django.request:Not Found: /app.rar
Not Found: /app.gz
WARNING:django.request:Not Found: /app.gz
Not Found: /app.bz2
WARNING:django.request:Not Found: /app.bz2
Not Found: /app.zst
WARNING:django.request:Not Found: /app.zst
Not Found: /app.sql.gz
WARNING:django.request:Not Found: /app.sql.gz
Not Found: /app.sql.bz2
WARNING:django.request:Not Found: /app.sql.bz2
Not Found: /app.sql
WARNING:django.request:Not Found: /app.sql
Not Found: /application.zip
WARNING:django.request:Not Found: /application.zip
Not Found: /application.tar.gz
WARNING:django.request:Not Found: /application.tar.gz
Not Found: /application.tgz
WARNING:django.request:Not Found: /application.tgz
Not Found: /application.tar
WARNING:django.request:Not Found: /application.tar
Not Found: /application.tar.bz2
WARNING:django.request:Not Found: /application.tar.bz2
Not Found: /application.tar.xz
WARNING:django.request:Not Found: /application.tar.xz
Not Found: /application.7z
WARNING:django.request:Not Found: /application.7z
Not Found: /application.rar
WARNING:django.request:Not Found: /application.rar
Not Found: /application.gz
WARNING:django.request:Not Found: /application.gz
Not Found: /application.bz2
WARNING:django.request:Not Found: /application.bz2
Not Found: /application.zst
WARNING:django.request:Not Found: /application.zst
Not Found: /application.sql.gz
WARNING:django.request:Not Found: /application.sql.gz
Not Found: /application.sql.bz2
WARNING:django.request:Not Found: /application.sql.bz2
Not Found: /application.sql
WARNING:django.request:Not Found: /application.sql
Not Found: /frontend.zip
WARNING:django.request:Not Found: /frontend.zip
Not Found: /frontend.tar.gz
WARNING:django.request:Not Found: /frontend.tar.gz
Not Found: /frontend.tgz
WARNING:django.request:Not Found: /frontend.tgz
Not Found: /frontend.tar
WARNING:django.request:Not Found: /frontend.tar
Not Found: /frontend.tar.bz2
WARNING:django.request:Not Found: /frontend.tar.bz2
Not Found: /frontend.tar.xz
WARNING:django.request:Not Found: /frontend.tar.xz
Not Found: /frontend.7z
WARNING:django.request:Not Found: /frontend.7z
Not Found: /frontend.rar
WARNING:django.request:Not Found: /frontend.rar
Not Found: /frontend.gz
WARNING:django.request:Not Found: /frontend.gz
Not Found: /frontend.bz2
WARNING:django.request:Not Found: /frontend.bz2
Not Found: /frontend.zst
WARNING:django.request:Not Found: /frontend.zst
Not Found: /frontend.sql.gz
WARNING:django.request:Not Found: /frontend.sql.gz
Not Found: /frontend.sql.bz2
WARNING:django.request:Not Found: /frontend.sql.bz2
Not Found: /frontend.sql
WARNING:django.request:Not Found: /frontend.sql
Not Found: /backend.zip
WARNING:django.request:Not Found: /backend.zip
Not Found: /backend.tar.gz
WARNING:django.request:Not Found: /backend.tar.gz
Not Found: /backend.tgz
WARNING:django.request:Not Found: /backend.tgz
Not Found: /backend.tar
WARNING:django.request:Not Found: /backend.tar
Not Found: /backend.tar.bz2
WARNING:django.request:Not Found: /backend.tar.bz2
Not Found: /backend.tar.xz
WARNING:django.request:Not Found: /backend.tar.xz
Not Found: /backend.7z
WARNING:django.request:Not Found: /backend.7z
Not Found: /backend.rar
WARNING:django.request:Not Found: /backend.rar
Not Found: /backend.gz
WARNING:django.request:Not Found: /backend.gz
Not Found: /backend.bz2
WARNING:django.request:Not Found: /backend.bz2
Not Found: /backend.zst
WARNING:django.request:Not Found: /backend.zst
Not Found: /backend.sql.gz
WARNING:django.request:Not Found: /backend.sql.gz
Not Found: /backend.sql.bz2
WARNING:django.request:Not Found: /backend.sql.bz2
Not Found: /backend.sql
WARNING:django.request:Not Found: /backend.sql
Not Found: /server.zip
WARNING:django.request:Not Found: /server.zip
Not Found: /server.tar.gz
WARNING:django.request:Not Found: /server.tar.gz
Not Found: /server.tgz
WARNING:django.request:Not Found: /server.tgz
Not Found: /server.tar
WARNING:django.request:Not Found: /server.tar
Not Found: /server.tar.bz2
WARNING:django.request:Not Found: /server.tar.bz2
Not Found: /server.tar.xz
WARNING:django.request:Not Found: /server.tar.xz
Not Found: /server.7z
WARNING:django.request:Not Found: /server.7z
Not Found: /server.rar
WARNING:django.request:Not Found: /server.rar
Not Found: /server.gz
WARNING:django.request:Not Found: /server.gz
Not Found: /server.bz2
WARNING:django.request:Not Found: /server.bz2
Not Found: /server.zst
WARNING:django.request:Not Found: /server.zst
Not Found: /server.sql.gz
WARNING:django.request:Not Found: /server.sql.gz
Not Found: /server.sql.bz2
WARNING:django.request:Not Found: /server.sql.bz2
Not Found: /server.sql
WARNING:django.request:Not Found: /server.sql
Not Found: /client.zip
WARNING:django.request:Not Found: /client.zip
Not Found: /client.tar.gz
WARNING:django.request:Not Found: /client.tar.gz
Not Found: /client.tgz
WARNING:django.request:Not Found: /client.tgz
Not Found: /client.tar
WARNING:django.request:Not Found: /client.tar
Not Found: /client.tar.bz2
WARNING:django.request:Not Found: /client.tar.bz2
Not Found: /client.tar.xz
WARNING:django.request:Not Found: /client.tar.xz
Not Found: /client.7z
WARNING:django.request:Not Found: /client.7z
Not Found: /client.rar
WARNING:django.request:Not Found: /client.rar
Not Found: /client.gz
WARNING:django.request:Not Found: /client.gz
Not Found: /client.bz2
WARNING:django.request:Not Found: /client.bz2
Not Found: /client.zst
WARNING:django.request:Not Found: /client.zst
Not Found: /client.sql.gz
WARNING:django.request:Not Found: /client.sql.gz
Not Found: /client.sql.bz2
WARNING:django.request:Not Found: /client.sql.bz2
Not Found: /client.sql
WARNING:django.request:Not Found: /client.sql
Not Found: /bincoecom.stradigtech.com.zip
WARNING:django.request:Not Found: /bincoecom.stradigtech.com.zip
Not Found: /bincoecom.stradigtech.com.tar.gz
WARNING:django.request:Not Found: /bincoecom.stradigtech.com.tar.gz
Not Found: /bincoecom.stradigtech.com.tgz
WARNING:django.request:Not Found: /bincoecom.stradigtech.com.tgz
Not Found: /bincoecom.stradigtech.com.tar
WARNING:django.request:Not Found: /bincoecom.stradigtech.com.tar
Not Found: /bincoecom.stradigtech.com.tar.bz2
WARNING:django.request:Not Found: /bincoecom.stradigtech.com.tar.bz2
Not Found: /bincoecom.stradigtech.com.tar.xz
WARNING:django.request:Not Found: /bincoecom.stradigtech.com.tar.xz
Not Found: /bincoecom.stradigtech.com.7z
WARNING:django.request:Not Found: /bincoecom.stradigtech.com.7z
Not Found: /bincoecom.stradigtech.com.rar
WARNING:django.request:Not Found: /bincoecom.stradigtech.com.rar
Not Found: /bincoecom.stradigtech.com.gz
WARNING:django.request:Not Found: /bincoecom.stradigtech.com.gz
Not Found: /bincoecom.stradigtech.com.bz2
WARNING:django.request:Not Found: /bincoecom.stradigtech.com.bz2
Not Found: /bincoecom.stradigtech.com.zst
WARNING:django.request:Not Found: /bincoecom.stradigtech.com.zst
Not Found: /bincoecom.stradigtech.com.sql.gz
WARNING:django.request:Not Found: /bincoecom.stradigtech.com.sql.gz
Not Found: /bincoecom.stradigtech.com.sql.bz2
WARNING:django.request:Not Found: /bincoecom.stradigtech.com.sql.bz2
Not Found: /bincoecom.stradigtech.com.sql
WARNING:django.request:Not Found: /bincoecom.stradigtech.com.sql
Not Found: /stradigtech.com.zip
WARNING:django.request:Not Found: /stradigtech.com.zip
Not Found: /stradigtech.com.tar.gz
WARNING:django.request:Not Found: /stradigtech.com.tar.gz
Not Found: /stradigtech.com.tgz
WARNING:django.request:Not Found: /stradigtech.com.tgz
Not Found: /stradigtech.com.tar
WARNING:django.request:Not Found: /stradigtech.com.tar
Not Found: /stradigtech.com.tar.bz2
WARNING:django.request:Not Found: /stradigtech.com.tar.bz2
Not Found: /stradigtech.com.tar.xz
WARNING:django.request:Not Found: /stradigtech.com.tar.xz
Not Found: /stradigtech.com.7z
WARNING:django.request:Not Found: /stradigtech.com.7z
Not Found: /stradigtech.com.rar
WARNING:django.request:Not Found: /stradigtech.com.rar
Not Found: /stradigtech.com.gz
WARNING:django.request:Not Found: /stradigtech.com.gz
Not Found: /stradigtech.com.bz2
WARNING:django.request:Not Found: /stradigtech.com.bz2
Not Found: /stradigtech.com.zst
WARNING:django.request:Not Found: /stradigtech.com.zst
Not Found: /stradigtech.com.sql.gz
WARNING:django.request:Not Found: /stradigtech.com.sql.gz
Not Found: /stradigtech.com.sql.bz2
WARNING:django.request:Not Found: /stradigtech.com.sql.bz2
Not Found: /stradigtech.com.sql
WARNING:django.request:Not Found: /stradigtech.com.sql
Not Found: /stradigtech.zip
WARNING:django.request:Not Found: /stradigtech.zip
Not Found: /stradigtech.tar.gz
WARNING:django.request:Not Found: /stradigtech.tar.gz
Not Found: /stradigtech.tgz
WARNING:django.request:Not Found: /stradigtech.tgz
Not Found: /stradigtech.tar
WARNING:django.request:Not Found: /stradigtech.tar
Not Found: /stradigtech.tar.bz2
WARNING:django.request:Not Found: /stradigtech.tar.bz2
Not Found: /stradigtech.tar.xz
WARNING:django.request:Not Found: /stradigtech.tar.xz
Not Found: /stradigtech.7z
WARNING:django.request:Not Found: /stradigtech.7z
Not Found: /stradigtech.rar
WARNING:django.request:Not Found: /stradigtech.rar
Not Found: /stradigtech.gz
WARNING:django.request:Not Found: /stradigtech.gz
Not Found: /stradigtech.bz2
WARNING:django.request:Not Found: /stradigtech.bz2
Not Found: /stradigtech.zst
WARNING:django.request:Not Found: /stradigtech.zst
Not Found: /stradigtech.sql.gz
WARNING:django.request:Not Found: /stradigtech.sql.gz
Not Found: /stradigtech.sql.bz2
WARNING:django.request:Not Found: /stradigtech.sql.bz2
Not Found: /stradigtech.sql
WARNING:django.request:Not Found: /stradigtech.sql
WARNING:root:No DATABASE_URL environment variable set, and so no databases setup
WARNING:root:No DATABASE_URL environment variable set, and so no databases setup
WARNING:root:No DATABASE_URL environment variable set, and so no databases setup
WARNING:root:No DATABASE_URL environment variable set, and so no databases setup
Not Found: /favicon.ico
WARNING:django.request:Not Found: /favicon.ico
Not Found: /robots.txt
WARNING:django.request:Not Found: /robots.txt
WARNING:root:No DATABASE_URL environment variable set, and so no databases setup
WARNING:root:No DATABASE_URL environment variable set, and so no databases setup
WARNING:root:No DATABASE_URL environment variable set, and so no databases setup
WARNING:root:No DATABASE_URL environment variable set, and so no databases setup
WARNING:root:No DATABASE_URL environment variable set, and so no databases setup
WARNING:root:No DATABASE_URL environment variable set, and so no databases setup
Not Found: /robots.txt
WARNING:django.request:Not Found: /robots.txt
WARNING:root:No DATABASE_URL environment variable set, and so no databases setup
WARNING:root:No DATABASE_URL environment variable set, and so no databases setup
WARNING:root:No DATABASE_URL environment variable set, and so no databases setup
WARNING:root:No DATABASE_URL environment variable set, and so no databases setup
WARNING:root:No DATABASE_URL environment variable set, and so no databases setup
WARNING:root:No DATABASE_URL environment variable set, and so no databases setup
WARNING:root:No DATABASE_URL environment variable set, and so no databases setup
WARNING:root:No DATABASE_URL environment variable set, and so no databases setup
WARNING:root:No DATABASE_URL environment variable set, and so no databases setup
WARNING:root:No DATABASE_URL environment variable set, and so no databases setup
WARNING:root:No DATABASE_URL environment variable set, and so no databases setup
WARNING:root:No DATABASE_URL environment variable set, and so no databases setup
WARNING:root:No DATABASE_URL environment variable set, and so no databases setup
WARNING:root:No DATABASE_URL environment variable set, and so no databases setup
WARNING:root:No DATABASE_URL environment variable set, and so no databases setup
WARNING:root:No DATABASE_URL environment variable set, and so no databases setup
[UID:1392][3238643] Child process with pid: 3238841 was killed by signal: 9, core dumped: no
WARNING:root:No DATABASE_URL environment variable set, and so no databases setup
Not Found: /robots.txt
WARNING:django.request:Not Found: /robots.txt
Not Found: /page/privacy-policy/
WARNING:django.request:Not Found: /page/privacy-policy/
Not Found: /page/about-us/
WARNING:django.request:Not Found: /page/about-us/
Not Found: /page/contact/
WARNING:django.request:Not Found: /page/contact/
WARNING:root:No DATABASE_URL environment variable set, and so no databases setup
WARNING:root:No DATABASE_URL environment variable set, and so no databases setup
WARNING:root:No DATABASE_URL environment variable set, and so no databases setup
WARNING:root:No DATABASE_URL environment variable set, and so no databases setup
WARNING:root:No DATABASE_URL environment variable set, and so no databases setup
WARNING:root:No DATABASE_URL environment variable set, and so no databases setup
WARNING:root:No DATABASE_URL environment variable set, and so no databases setup
WARNING:root:No DATABASE_URL environment variable set, and so no databases setup
WARNING:root:No DATABASE_URL environment variable set, and so no databases setup
Not Found: /robots.txt
WARNING:django.request:Not Found: /robots.txt
WARNING:root:No DATABASE_URL environment variable set, and so no databases setup
Not Found: /robots.txt
WARNING:django.request:Not Found: /robots.txt
WARNING:root:No DATABASE_URL environment variable set, and so no databases setup
Not Found: /page/contact/
WARNING:django.request:Not Found: /page/contact/
WARNING:root:No DATABASE_URL environment variable set, and so no databases setup
WARNING:root:No DATABASE_URL environment variable set, and so no databases setup
WARNING:root:No DATABASE_URL environment variable set, and so no databases setup
Not Found: /favicon.ico
WARNING:django.request:Not Found: /favicon.ico
Not Found: /favicon.ico
WARNING:django.request:Not Found: /favicon.ico
Not Found: /favicon.ico
WARNING:django.request:Not Found: /favicon.ico
[UID:1392][2629910] Reached max children process limit: 6, extra: 2, current: 8, busy: 8, please increase LSAPI_CHILDREN.
[UID:1392][2629910] Reached max children process limit: 6, extra: 2, current: 8, busy: 8, please increase LSAPI_CHILDREN.
[UID:1392][2629910] Reached max children process limit: 6, extra: 2, current: 8, busy: 8, please increase LSAPI_CHILDREN.
[UID:1392][2629910] Reached max children process limit: 6, extra: 2, current: 8, busy: 8, please increase LSAPI_CHILDREN.
[UID:1392][2629910] Reached max children process limit: 6, extra: 2, current: 8, busy: 8, please increase LSAPI_CHILDREN.
[UID:1392][2629910] Reached max children process limit: 6, extra: 2, current: 8, busy: 8, please increase LSAPI_CHILDREN.
[UID:1392][2629910] Reached max children process limit: 6, extra: 2, current: 8, busy: 8, please increase LSAPI_CHILDREN.
[UID:1392][2629910] Reached max children process limit: 6, extra: 2, current: 8, busy: 8, please increase LSAPI_CHILDREN.
[UID:1392][2629910] Reached max children process limit: 6, extra: 2, current: 8, busy: 8, please increase LSAPI_CHILDREN.
[UID:1392][2629910] Reached max children process limit: 6, extra: 2, current: 8, busy: 8, please increase LSAPI_CHILDREN.
[UID:1392][2629910] Reached max children process limit: 6, extra: 2, current: 8, busy: 8, please increase LSAPI_CHILDREN.
[UID:1392][2629910] Reached max children process limit: 6, extra: 2, current: 8, busy: 8, please increase LSAPI_CHILDREN.
[UID:1392][2629910] Reached max children process limit: 6, extra: 2, current: 8, busy: 8, please increase LSAPI_CHILDREN.
[UID:1392][2629910] Reached max children process limit: 6, extra: 2, current: 8, busy: 8, please increase LSAPI_CHILDREN.
[UID:1392][2629910] Reached max children process limit: 6, extra: 2, current: 8, busy: 8, please increase LSAPI_CHILDREN.
[UID:1392][2629910] Reached max children process limit: 6, extra: 2, current: 8, busy: 8, please increase LSAPI_CHILDREN.
[UID:1392][2629910] Reached max children process limit: 6, extra: 2, current: 8, busy: 8, please increase LSAPI_CHILDREN.
[UID:1392][2629910] Reached max children process limit: 6, extra: 2, current: 8, busy: 8, please increase LSAPI_CHILDREN.
[UID:1392][2629910] Reached max children process limit: 6, extra: 2, current: 8, busy: 8, please increase LSAPI_CHILDREN.
[UID:1392][2629910] Reached max children process limit: 6, extra: 2, current: 8, busy: 8, please increase LSAPI_CHILDREN.
[UID:1392][2629910] Reached max children process limit: 6, extra: 2, current: 8, busy: 8, please increase LSAPI_CHILDREN.
[UID:1392][2629910] Reached max children process limit: 6, extra: 2, current: 8, busy: 8, please increase LSAPI_CHILDREN.
WARNING:root:No DATABASE_URL environment variable set, and so no databases setup
WARNING:root:No DATABASE_URL environment variable set, and so no databases setup
WARNING:root:No DATABASE_URL environment variable set, and so no databases setup
WARNING:root:No DATABASE_URL environment variable set, and so no databases setup
WARNING:root:No DATABASE_URL environment variable set, and so no databases setup
WARNING:root:No DATABASE_URL environment variable set, and so no databases setup
Not Found: /robots.txt
WARNING:django.request:Not Found: /robots.txt
WARNING:root:No DATABASE_URL environment variable set, and so no databases setup
WARNING:root:No DATABASE_URL environment variable set, and so no databases setup
Forbidden (Referer checking failed - no Referer.): /
WARNING:django.security.csrf:Forbidden (Referer checking failed - no Referer.): /
Forbidden (Referer checking failed - no Referer.): /
WARNING:django.security.csrf:Forbidden (Referer checking failed - no Referer.): /
Forbidden (Referer checking failed - no Referer.): /
WARNING:django.security.csrf:Forbidden (Referer checking failed - no Referer.): /
Forbidden (Referer checking failed - no Referer.): /
WARNING:django.security.csrf:Forbidden (Referer checking failed - no Referer.): /
Not Found: /phpinfo.php
WARNING:django.request:Not Found: /phpinfo.php
Not Found: /info.php
WARNING:django.request:Not Found: /info.php
Not Found: /php.php
WARNING:django.request:Not Found: /php.php
Not Found: /i.php
WARNING:django.request:Not Found: /i.php
Not Found: /pi.php
WARNING:django.request:Not Found: /pi.php
Not Found: /pinfo.php
WARNING:django.request:Not Found: /pinfo.php
Not Found: /test.php
WARNING:django.request:Not Found: /test.php
Not Found: /phpinfo
WARNING:django.request:Not Found: /phpinfo
Not Found: /p.php
WARNING:django.request:Not Found: /p.php
Not Found: /debug.php
WARNING:django.request:Not Found: /debug.php
Not Found: /test/phpinfo.php
WARNING:django.request:Not Found: /test/phpinfo.php
Not Found: /dev/phpinfo.php
WARNING:django.request:Not Found: /dev/phpinfo.php
Not Found: /old/phpinfo.php
WARNING:django.request:Not Found: /old/phpinfo.php
Not Found: /tmp/phpinfo.php
WARNING:django.request:Not Found: /tmp/phpinfo.php
Not Found: /public/phpinfo.php
WARNING:django.request:Not Found: /public/phpinfo.php
Not Found: /info
WARNING:django.request:Not Found: /info
Not Found: /php-info.php
WARNING:django.request:Not Found: /php-info.php
Not Found: /phpversion.php
WARNING:django.request:Not Found: /phpversion.php
Not Found: /_phpinfo.php
WARNING:django.request:Not Found: /_phpinfo.php
Not Found: /old_phpinfo.php
WARNING:django.request:Not Found: /old_phpinfo.php
Not Found: /server-info.php
WARNING:django.request:Not Found: /server-info.php
Not Found: /server-status.php
WARNING:django.request:Not Found: /server-status.php
Not Found: /_profiler/phpinfo
WARNING:django.request:Not Found: /_profiler/phpinfo
Not Found: /_environment
WARNING:django.request:Not Found: /_environment
Not Found: /webroot/index.php/_environment
WARNING:django.request:Not Found: /webroot/index.php/_environment
Not Found: /mail/phpinfo.php
WARNING:django.request:Not Found: /mail/phpinfo.php
Not Found: /cpanel/phpinfo.php
WARNING:django.request:Not Found: /cpanel/phpinfo.php
Not Found: /hosting/phpinfo.php
WARNING:django.request:Not Found: /hosting/phpinfo.php
Not Found: /smtp/phpinfo.php
WARNING:django.request:Not Found: /smtp/phpinfo.php
WARNING:root:No DATABASE_URL environment variable set, and so no databases setup
WARNING:root:No DATABASE_URL environment variable set, and so no databases setup
WARNING:root:No DATABASE_URL environment variable set, and so no databases setup
Forbidden (Referer checking failed - no Referer.): /
WARNING:django.security.csrf:Forbidden (Referer checking failed - no Referer.): /
Forbidden (Referer checking failed - no Referer.): /
WARNING:django.security.csrf:Forbidden (Referer checking failed - no Referer.): /
Forbidden (Referer checking failed - no Referer.): /
WARNING:django.security.csrf:Forbidden (Referer checking failed - no Referer.): /
Forbidden (Referer checking failed - no Referer.): /
WARNING:django.security.csrf:Forbidden (Referer checking failed - no Referer.): /
Not Found: /phpinfo.php
WARNING:django.request:Not Found: /phpinfo.php
Not Found: /info.php
WARNING:django.request:Not Found: /info.php
Not Found: /php.php
WARNING:django.request:Not Found: /php.php
Not Found: /i.php
WARNING:django.request:Not Found: /i.php
Not Found: /pi.php
WARNING:django.request:Not Found: /pi.php
Not Found: /pinfo.php
WARNING:django.request:Not Found: /pinfo.php
Not Found: /test.php
WARNING:django.request:Not Found: /test.php
Not Found: /phpinfo
WARNING:django.request:Not Found: /phpinfo
Not Found: /p.php
WARNING:django.request:Not Found: /p.php
Not Found: /debug.php
WARNING:django.request:Not Found: /debug.php
Not Found: /test/phpinfo.php
WARNING:django.request:Not Found: /test/phpinfo.php
Not Found: /dev/phpinfo.php
WARNING:django.request:Not Found: /dev/phpinfo.php
Not Found: /old/phpinfo.php
WARNING:django.request:Not Found: /old/phpinfo.php
Not Found: /tmp/phpinfo.php
WARNING:django.request:Not Found: /tmp/phpinfo.php
Not Found: /public/phpinfo.php
WARNING:django.request:Not Found: /public/phpinfo.php
Not Found: /info
WARNING:django.request:Not Found: /info
Not Found: /php-info.php
WARNING:django.request:Not Found: /php-info.php
Not Found: /phpversion.php
WARNING:django.request:Not Found: /phpversion.php
Not Found: /_phpinfo.php
WARNING:django.request:Not Found: /_phpinfo.php
Not Found: /old_phpinfo.php
WARNING:django.request:Not Found: /old_phpinfo.php
Not Found: /server-info.php
WARNING:django.request:Not Found: /server-info.php
Not Found: /server-status.php
WARNING:django.request:Not Found: /server-status.php
Not Found: /_profiler/phpinfo
WARNING:django.request:Not Found: /_profiler/phpinfo
Not Found: /_environment
WARNING:django.request:Not Found: /_environment
Not Found: /webroot/index.php/_environment
WARNING:django.request:Not Found: /webroot/index.php/_environment
Not Found: /mail/phpinfo.php
WARNING:django.request:Not Found: /mail/phpinfo.php
Not Found: /cpanel/phpinfo.php
WARNING:django.request:Not Found: /cpanel/phpinfo.php
Not Found: /hosting/phpinfo.php
WARNING:django.request:Not Found: /hosting/phpinfo.php
Not Found: /smtp/phpinfo.php
WARNING:django.request:Not Found: /smtp/phpinfo.php
WARNING:root:No DATABASE_URL environment variable set, and so no databases setup
WARNING:root:No DATABASE_URL environment variable set, and so no databases setup
WARNING:root:No DATABASE_URL environment variable set, and so no databases setup
Not Found: /favicon.ico
WARNING:django.request:Not Found: /favicon.ico
[UID:1392][1321927] Reached max children process limit: 6, extra: 2, current: 8, busy: 8, please increase LSAPI_CHILDREN.
[UID:1392][1321927] Reached max children process limit: 6, extra: 2, current: 8, busy: 8, please increase LSAPI_CHILDREN.
[UID:1392][1321927] Reached max children process limit: 6, extra: 2, current: 8, busy: 8, please increase LSAPI_CHILDREN.
[UID:1392][1321927] Reached max children process limit: 6, extra: 2, current: 8, busy: 8, please increase LSAPI_CHILDREN.
[UID:1392][1321927] Reached max children process limit: 6, extra: 2, current: 8, busy: 8, please increase LSAPI_CHILDREN.
[UID:1392][1321927] Reached max children process limit: 6, extra: 2, current: 8, busy: 8, please increase LSAPI_CHILDREN.
[UID:1392][1321927] Reached max children process limit: 6, extra: 2, current: 8, busy: 8, please increase LSAPI_CHILDREN.
[UID:1392][1321927] Reached max children process limit: 6, extra: 2, current: 8, busy: 8, please increase LSAPI_CHILDREN.
[UID:1392][1321927] Reached max children process limit: 6, extra: 2, current: 8, busy: 8, please increase LSAPI_CHILDREN.
[UID:1392][1321927] Reached max children process limit: 6, extra: 2, current: 8, busy: 8, please increase LSAPI_CHILDREN.
[UID:1392][1321927] Reached max children process limit: 6, extra: 2, current: 8, busy: 8, please increase LSAPI_CHILDREN.
WARNING:root:No DATABASE_URL environment variable set, and so no databases setup
WARNING:root:No DATABASE_URL environment variable set, and so no databases setup
WARNING:root:No DATABASE_URL environment variable set, and so no databases setup
WARNING:root:No DATABASE_URL environment variable set, and so no databases setup
WARNING:root:No DATABASE_URL environment variable set, and so no databases setup
Not Found: /page/contact/
WARNING:django.request:Not Found: /page/contact/
WARNING:root:No DATABASE_URL environment variable set, and so no databases setup
WARNING:root:No DATABASE_URL environment variable set, and so no databases setup
Not Found: /robots.txt
WARNING:django.request:Not Found: /robots.txt
WARNING:root:No DATABASE_URL environment variable set, and so no databases setup
Not Found: /robots.txt
WARNING:django.request:Not Found: /robots.txt
WARNING:root:No DATABASE_URL environment variable set, and so no databases setup
WARNING:root:No DATABASE_URL environment variable set, and so no databases setup
WARNING:root:No DATABASE_URL environment variable set, and so no databases setup
WARNING:root:No DATABASE_URL environment variable set, and so no databases setup
WARNING:root:No DATABASE_URL environment variable set, and so no databases setup
Not Found: /favicon.ico
WARNING:django.request:Not Found: /favicon.ico
Not Found: /favicon.ico
WARNING:django.request:Not Found: /favicon.ico
WARNING:root:No DATABASE_URL environment variable set, and so no databases setup
WARNING:root:No DATABASE_URL environment variable set, and so no databases setup
WARNING:root:No DATABASE_URL environment variable set, and so no databases setup
WARNING:root:No DATABASE_URL environment variable set, and so no databases setup
WARNING:root:No DATABASE_URL environment variable set, and so no databases setup
Not Found: /robots.txt
WARNING:django.request:Not Found: /robots.txt
WARNING:root:No DATABASE_URL environment variable set, and so no databases setup
[UID:1392][2282596] Reached max children process limit: 6, extra: 2, current: 8, busy: 7, please increase LSAPI_CHILDREN.
[UID:1392][2282596] Reached max children process limit: 6, extra: 2, current: 8, busy: 8, please increase LSAPI_CHILDREN.
[UID:1392][2282596] Reached max children process limit: 6, extra: 2, current: 8, busy: 7, please increase LSAPI_CHILDREN.
[UID:1392][2282596] Reached max children process limit: 6, extra: 2, current: 8, busy: 7, please increase LSAPI_CHILDREN.
Not Found: /favicon.ico
WARNING:django.request:Not Found: /favicon.ico
[UID:1392][2282596] Reached max children process limit: 6, extra: 2, current: 8, busy: 8, please increase LSAPI_CHILDREN.
[UID:1392][2282596] Reached max children process limit: 6, extra: 2, current: 8, busy: 8, please increase LSAPI_CHILDREN.
[UID:1392][2282596] Reached max children process limit: 6, extra: 2, current: 8, busy: 8, please increase LSAPI_CHILDREN.
[UID:1392][2282596] Reached max children process limit: 6, extra: 2, current: 8, busy: 8, please increase LSAPI_CHILDREN.
[UID:1392][2282596] Reached max children process limit: 6, extra: 2, current: 8, busy: 8, please increase LSAPI_CHILDREN.
[UID:1392][2282596] Reached max children process limit: 6, extra: 2, current: 8, busy: 8, please increase LSAPI_CHILDREN.
[UID:1392][2282596] Reached max children process limit: 6, extra: 2, current: 8, busy: 8, please increase LSAPI_CHILDREN.
[UID:1392][2282596] Reached max children process limit: 6, extra: 2, current: 8, busy: 8, please increase LSAPI_CHILDREN.
[UID:1392][2282596] Reached max children process limit: 6, extra: 2, current: 8, busy: 8, please increase LSAPI_CHILDREN.
[UID:1392][2282596] Reached max children process limit: 6, extra: 2, current: 8, busy: 8, please increase LSAPI_CHILDREN.
[UID:1392][2282596] Reached max children process limit: 6, extra: 2, current: 8, busy: 8, please increase LSAPI_CHILDREN.
[UID:1392][2282596] Reached max children process limit: 6, extra: 2, current: 8, busy: 8, please increase LSAPI_CHILDREN.
[UID:1392][2282596] Reached max children process limit: 6, extra: 2, current: 8, busy: 8, please increase LSAPI_CHILDREN.
[UID:1392][2282596] Reached max children process limit: 6, extra: 2, current: 8, busy: 7, please increase LSAPI_CHILDREN.
[UID:1392][2282596] Reached max children process limit: 6, extra: 2, current: 8, busy: 8, please increase LSAPI_CHILDREN.
[UID:1392][2282596] Reached max children process limit: 6, extra: 2, current: 8, busy: 8, please increase LSAPI_CHILDREN.
[UID:1392][2282596] Reached max children process limit: 6, extra: 2, current: 8, busy: 8, please increase LSAPI_CHILDREN.
[UID:1392][2282596] Reached max children process limit: 6, extra: 2, current: 8, busy: 8, please increase LSAPI_CHILDREN.
[UID:1392][2282596] Reached max children process limit: 6, extra: 2, current: 8, busy: 8, please increase LSAPI_CHILDREN.
[UID:1392][2282596] Reached max children process limit: 6, extra: 2, current: 8, busy: 8, please increase LSAPI_CHILDREN.
[UID:1392][2282596] Reached max children process limit: 6, extra: 2, current: 8, busy: 8, please increase LSAPI_CHILDREN.
[UID:1392][2282596] Reached max children process limit: 6, extra: 2, current: 8, busy: 7, please increase LSAPI_CHILDREN.
[UID:1392][2282596] Reached max children process limit: 6, extra: 2, current: 8, busy: 7, please increase LSAPI_CHILDREN.
[UID:1392][2282596] Reached max children process limit: 6, extra: 2, current: 8, busy: 8, please increase LSAPI_CHILDREN.
[UID:1392][2282596] Reached max children process limit: 6, extra: 2, current: 8, busy: 8, please increase LSAPI_CHILDREN.
[UID:1392][2282596] Reached max children process limit: 6, extra: 2, current: 8, busy: 8, please increase LSAPI_CHILDREN.
[UID:1392][2282596] Reached max children process limit: 6, extra: 2, current: 8, busy: 8, please increase LSAPI_CHILDREN.
[UID:1392][2282596] Reached max children process limit: 6, extra: 2, current: 8, busy: 8, please increase LSAPI_CHILDREN.
[UID:1392][2282596] Reached max children process limit: 6, extra: 2, current: 8, busy: 8, please increase LSAPI_CHILDREN.
[UID:1392][2282596] Reached max children process limit: 6, extra: 2, current: 8, busy: 8, please increase LSAPI_CHILDREN.
[UID:1392][2282596] Reached max children process limit: 6, extra: 2, current: 8, busy: 8, please increase LSAPI_CHILDREN.
[UID:1392][2282596] Reached max children process limit: 6, extra: 2, current: 8, busy: 8, please increase LSAPI_CHILDREN.
[UID:1392][2282596] Reached max children process limit: 6, extra: 2, current: 8, busy: 8, please increase LSAPI_CHILDREN.
[UID:1392][2282596] Reached max children process limit: 6, extra: 2, current: 8, busy: 8, please increase LSAPI_CHILDREN.
[UID:1392][2282596] Reached max children process limit: 6, extra: 2, current: 8, busy: 8, please increase LSAPI_CHILDREN.
[UID:1392][2282596] Reached max children process limit: 6, extra: 2, current: 8, busy: 8, please increase LSAPI_CHILDREN.
[UID:1392][2282596] Reached max children process limit: 6, extra: 2, current: 8, busy: 8, please increase LSAPI_CHILDREN.
[UID:1392][2282596] Reached max children process limit: 6, extra: 2, current: 8, busy: 7, please increase LSAPI_CHILDREN.
[UID:1392][2282596] Reached max children process limit: 6, extra: 2, current: 8, busy: 8, please increase LSAPI_CHILDREN.
[UID:1392][2282596] Reached max children process limit: 6, extra: 2, current: 8, busy: 8, please increase LSAPI_CHILDREN.
[UID:1392][2282596] Reached max children process limit: 6, extra: 2, current: 8, busy: 7, please increase LSAPI_CHILDREN.
[UID:1392][2282596] Reached max children process limit: 6, extra: 2, current: 8, busy: 8, please increase LSAPI_CHILDREN.
[UID:1392][2282596] Reached max children process limit: 6, extra: 2, current: 8, busy: 8, please increase LSAPI_CHILDREN.
[UID:1392][2282596] Reached max children process limit: 6, extra: 2, current: 8, busy: 8, please increase LSAPI_CHILDREN.
[UID:1392][2282596] Reached max children process limit: 6, extra: 2, current: 8, busy: 8, please increase LSAPI_CHILDREN.
[UID:1392][2282596] Reached max children process limit: 6, extra: 2, current: 8, busy: 8, please increase LSAPI_CHILDREN.
[UID:1392][2282596] Reached max children process limit: 6, extra: 2, current: 8, busy: 8, please increase LSAPI_CHILDREN.
[UID:1392][2282596] Reached max children process limit: 6, extra: 2, current: 8, busy: 8, please increase LSAPI_CHILDREN.
[UID:1392][2282596] Reached max children process limit: 6, extra: 2, current: 8, busy: 8, please increase LSAPI_CHILDREN.
[UID:1392][2282596] Reached max children process limit: 6, extra: 2, current: 8, busy: 8, please increase LSAPI_CHILDREN.
[UID:1392][2282596] Reached max children process limit: 6, extra: 2, current: 8, busy: 8, please increase LSAPI_CHILDREN.
[UID:1392][2282596] Reached max children process limit: 6, extra: 2, current: 8, busy: 8, please increase LSAPI_CHILDREN.
[UID:1392][2282596] Reached max children process limit: 6, extra: 2, current: 8, busy: 8, please increase LSAPI_CHILDREN.
[UID:1392][2282596] Reached max children process limit: 6, extra: 2, current: 8, busy: 8, please increase LSAPI_CHILDREN.
[UID:1392][2282596] Reached max children process limit: 6, extra: 2, current: 8, busy: 8, please increase LSAPI_CHILDREN.
[UID:1392][2282596] Reached max children process limit: 6, extra: 2, current: 8, busy: 8, please increase LSAPI_CHILDREN.
[UID:1392][2282596] Reached max children process limit: 6, extra: 2, current: 8, busy: 8, please increase LSAPI_CHILDREN.
[UID:1392][2282596] Reached max children process limit: 6, extra: 2, current: 8, busy: 8, please increase LSAPI_CHILDREN.
[UID:1392][2282596] Reached max children process limit: 6, extra: 2, current: 8, busy: 8, please increase LSAPI_CHILDREN.
[UID:1392][2282596] Reached max children process limit: 6, extra: 2, current: 8, busy: 8, please increase LSAPI_CHILDREN.
[UID:1392][2282596] Reached max children process limit: 6, extra: 2, current: 8, busy: 8, please increase LSAPI_CHILDREN.
[UID:1392][2282596] Reached max children process limit: 6, extra: 2, current: 8, busy: 8, please increase LSAPI_CHILDREN.
[UID:1392][2282596] Reached max children process limit: 6, extra: 2, current: 8, busy: 8, please increase LSAPI_CHILDREN.
[UID:1392][2282596] Reached max children process limit: 6, extra: 2, current: 8, busy: 8, please increase LSAPI_CHILDREN.
[UID:1392][2282596] Reached max children process limit: 6, extra: 2, current: 8, busy: 8, please increase LSAPI_CHILDREN.
[UID:1392][2282596] Reached max children process limit: 6, extra: 2, current: 8, busy: 8, please increase LSAPI_CHILDREN.
[UID:1392][2282596] Reached max children process limit: 6, extra: 2, current: 8, busy: 8, please increase LSAPI_CHILDREN.
[UID:1392][2282596] Reached max children process limit: 6, extra: 2, current: 8, busy: 8, please increase LSAPI_CHILDREN.
[UID:1392][2282596] Reached max children process limit: 6, extra: 2, current: 8, busy: 8, please increase LSAPI_CHILDREN.
[UID:1392][2282596] Reached max children process limit: 6, extra: 2, current: 8, busy: 8, please increase LSAPI_CHILDREN.
[UID:1392][2282596] Reached max children process limit: 6, extra: 2, current: 8, busy: 8, please increase LSAPI_CHILDREN.
[UID:1392][2282596] Reached max children process limit: 6, extra: 2, current: 8, busy: 8, please increase LSAPI_CHILDREN.
[UID:1392][2282596] Reached max children process limit: 6, extra: 2, current: 8, busy: 8, please increase LSAPI_CHILDREN.
[UID:1392][2282596] Reached max children process limit: 6, extra: 2, current: 8, busy: 8, please increase LSAPI_CHILDREN.
[UID:1392][2282596] Reached max children process limit: 6, extra: 2, current: 8, busy: 8, please increase LSAPI_CHILDREN.
[UID:1392][2282596] Reached max children process limit: 6, extra: 2, current: 8, busy: 8, please increase LSAPI_CHILDREN.
[UID:1392][2282596] Reached max children process limit: 6, extra: 2, current: 8, busy: 8, please increase LSAPI_CHILDREN.
[UID:1392][2282596] Reached max children process limit: 6, extra: 2, current: 8, busy: 8, please increase LSAPI_CHILDREN.
[UID:1392][2282596] Reached max children process limit: 6, extra: 2, current: 8, busy: 8, please increase LSAPI_CHILDREN.
[UID:1392][2282596] Reached max children process limit: 6, extra: 2, current: 8, busy: 8, please increase LSAPI_CHILDREN.
[UID:1392][2282596] Reached max children process limit: 6, extra: 2, current: 8, busy: 8, please increase LSAPI_CHILDREN.
[UID:1392][2282596] Reached max children process limit: 6, extra: 2, current: 8, busy: 8, please increase LSAPI_CHILDREN.
[UID:1392][2282596] Reached max children process limit: 6, extra: 2, current: 8, busy: 8, please increase LSAPI_CHILDREN.
[UID:1392][2282596] Reached max children process limit: 6, extra: 2, current: 8, busy: 8, please increase LSAPI_CHILDREN.
[UID:1392][2282596] Reached max children process limit: 6, extra: 2, current: 8, busy: 8, please increase LSAPI_CHILDREN.
[UID:1392][2282596] Reached max children process limit: 6, extra: 2, current: 8, busy: 8, please increase LSAPI_CHILDREN.
[UID:1392][2282596] Reached max children process limit: 6, extra: 2, current: 8, busy: 8, please increase LSAPI_CHILDREN.
[UID:1392][2282596] Reached max children process limit: 6, extra: 2, current: 8, busy: 8, please increase LSAPI_CHILDREN.
[UID:1392][2282596] Reached max children process limit: 6, extra: 2, current: 8, busy: 8, please increase LSAPI_CHILDREN.
[UID:1392][2282596] Reached max children process limit: 6, extra: 2, current: 8, busy: 8, please increase LSAPI_CHILDREN.
[UID:1392][2282596] Reached max children process limit: 6, extra: 2, current: 8, busy: 8, please increase LSAPI_CHILDREN.
[UID:1392][2282596] Reached max children process limit: 6, extra: 2, current: 8, busy: 8, please increase LSAPI_CHILDREN.
[UID:1392][2282596] Reached max children process limit: 6, extra: 2, current: 8, busy: 8, please increase LSAPI_CHILDREN.
[UID:1392][2282596] Reached max children process limit: 6, extra: 2, current: 8, busy: 8, please increase LSAPI_CHILDREN.
[UID:1392][2282596] Reached max children process limit: 6, extra: 2, current: 8, busy: 8, please increase LSAPI_CHILDREN.
[UID:1392][2282596] Reached max children process limit: 6, extra: 2, current: 8, busy: 8, please increase LSAPI_CHILDREN.
[UID:1392][2282596] Reached max children process limit: 6, extra: 2, current: 8, busy: 8, please increase LSAPI_CHILDREN.
[UID:1392][2282596] Reached max children process limit: 6, extra: 2, current: 8, busy: 8, please increase LSAPI_CHILDREN.
[UID:1392][2282596] Reached max children process limit: 6, extra: 2, current: 8, busy: 8, please increase LSAPI_CHILDREN.
[UID:1392][2282596] Reached max children process limit: 6, extra: 2, current: 8, busy: 8, please increase LSAPI_CHILDREN.
[UID:1392][2282596] Reached max children process limit: 6, extra: 2, current: 8, busy: 8, please increase LSAPI_CHILDREN.
[UID:1392][2282596] Reached max children process limit: 6, extra: 2, current: 8, busy: 8, please increase LSAPI_CHILDREN.
[UID:1392][2282596] Reached max children process limit: 6, extra: 2, current: 8, busy: 8, please increase LSAPI_CHILDREN.
[UID:1392][2282596] Reached max children process limit: 6, extra: 2, current: 8, busy: 8, please increase LSAPI_CHILDREN.
[UID:1392][2282596] Reached max children process limit: 6, extra: 2, current: 8, busy: 8, please increase LSAPI_CHILDREN.
[UID:1392][2282596] Reached max children process limit: 6, extra: 2, current: 8, busy: 8, please increase LSAPI_CHILDREN.
[UID:1392][2282596] Reached max children process limit: 6, extra: 2, current: 8, busy: 8, please increase LSAPI_CHILDREN.
[UID:1392][2282596] Reached max children process limit: 6, extra: 2, current: 8, busy: 8, please increase LSAPI_CHILDREN.
[UID:1392][2282596] Reached max children process limit: 6, extra: 2, current: 8, busy: 8, please increase LSAPI_CHILDREN.
[UID:1392][2282596] Reached max children process limit: 6, extra: 2, current: 8, busy: 7, please increase LSAPI_CHILDREN.
[UID:1392][2282596] Reached max children process limit: 6, extra: 2, current: 8, busy: 8, please increase LSAPI_CHILDREN.
[UID:1392][2282596] Reached max children process limit: 6, extra: 2, current: 8, busy: 8, please increase LSAPI_CHILDREN.
[UID:1392][2282596] Reached max children process limit: 6, extra: 2, current: 8, busy: 8, please increase LSAPI_CHILDREN.
[UID:1392][2282596] Reached max children process limit: 6, extra: 2, current: 8, busy: 8, please increase LSAPI_CHILDREN.
[UID:1392][2282596] Reached max children process limit: 6, extra: 2, current: 8, busy: 8, please increase LSAPI_CHILDREN.
[UID:1392][2282596] Reached max children process limit: 6, extra: 2, current: 8, busy: 8, please increase LSAPI_CHILDREN.
[UID:1392][2282596] Reached max children process limit: 6, extra: 2, current: 8, busy: 8, please increase LSAPI_CHILDREN.
[UID:1392][2282596] Reached max children process limit: 6, extra: 2, current: 8, busy: 8, please increase LSAPI_CHILDREN.
[UID:1392][2282596] Reached max children process limit: 6, extra: 2, current: 8, busy: 8, please increase LSAPI_CHILDREN.
[UID:1392][2282596] Reached max children process limit: 6, extra: 2, current: 8, busy: 8, please increase LSAPI_CHILDREN.
[UID:1392][2282596] Reached max children process limit: 6, extra: 2, current: 8, busy: 8, please increase LSAPI_CHILDREN.
[UID:1392][2282596] Reached max children process limit: 6, extra: 2, current: 8, busy: 8, please increase LSAPI_CHILDREN.
[UID:1392][2282596] Reached max children process limit: 6, extra: 2, current: 8, busy: 8, please increase LSAPI_CHILDREN.
[UID:1392][2282596] Reached max children process limit: 6, extra: 2, current: 8, busy: 7, please increase LSAPI_CHILDREN.
[UID:1392][2282596] Reached max children process limit: 6, extra: 2, current: 8, busy: 7, please increase LSAPI_CHILDREN.
[UID:1392][2282596] Reached max children process limit: 6, extra: 2, current: 8, busy: 8, please increase LSAPI_CHILDREN.
[UID:1392][2282596] Reached max children process limit: 6, extra: 2, current: 8, busy: 8, please increase LSAPI_CHILDREN.
[UID:1392][2282596] Reached max children process limit: 6, extra: 2, current: 8, busy: 8, please increase LSAPI_CHILDREN.
[UID:1392][2282596] Reached max children process limit: 6, extra: 2, current: 8, busy: 8, please increase LSAPI_CHILDREN.
[UID:1392][2282596] Reached max children process limit: 6, extra: 2, current: 8, busy: 8, please increase LSAPI_CHILDREN.
[UID:1392][2282596] Reached max children process limit: 6, extra: 2, current: 8, busy: 8, please increase LSAPI_CHILDREN.
[UID:1392][2282596] Reached max children process limit: 6, extra: 2, current: 8, busy: 8, please increase LSAPI_CHILDREN.
[UID:1392][2282596] Reached max children process limit: 6, extra: 2, current: 8, busy: 8, please increase LSAPI_CHILDREN.
[UID:1392][2282596] Reached max children process limit: 6, extra: 2, current: 8, busy: 8, please increase LSAPI_CHILDREN.
[UID:1392][2282596] Reached max children process limit: 6, extra: 2, current: 8, busy: 8, please increase LSAPI_CHILDREN.
[UID:1392][2282596] Reached max children process limit: 6, extra: 2, current: 8, busy: 8, please increase LSAPI_CHILDREN.
[UID:1392][2282596] Reached max children process limit: 6, extra: 2, current: 8, busy: 8, please increase LSAPI_CHILDREN.
[UID:1392][2282596] Reached max children process limit: 6, extra: 2, current: 8, busy: 8, please increase LSAPI_CHILDREN.
[UID:1392][2282596] Reached max children process limit: 6, extra: 2, current: 8, busy: 8, please increase LSAPI_CHILDREN.
[UID:1392][2282596] Reached max children process limit: 6, extra: 2, current: 8, busy: 8, please increase LSAPI_CHILDREN.
[UID:1392][2282596] Reached max children process limit: 6, extra: 2, current: 8, busy: 8, please increase LSAPI_CHILDREN.
[UID:1392][2282596] Reached max children process limit: 6, extra: 2, current: 8, busy: 8, please increase LSAPI_CHILDREN.
[UID:1392][2282596] Reached max children process limit: 6, extra: 2, current: 8, busy: 8, please increase LSAPI_CHILDREN.
[UID:1392][2282596] Reached max children process limit: 6, extra: 2, current: 8, busy: 7, please increase LSAPI_CHILDREN.
[UID:1392][2282596] Reached max children process limit: 6, extra: 2, current: 8, busy: 8, please increase LSAPI_CHILDREN.
[UID:1392][2282596] Reached max children process limit: 6, extra: 2, current: 8, busy: 7, please increase LSAPI_CHILDREN.
[UID:1392][2282596] Reached max children process limit: 6, extra: 2, current: 8, busy: 7, please increase LSAPI_CHILDREN.
[UID:1392][2282596] Reached max children process limit: 6, extra: 2, current: 8, busy: 8, please increase LSAPI_CHILDREN.
[UID:1392][2282596] Reached max children process limit: 6, extra: 2, current: 8, busy: 7, please increase LSAPI_CHILDREN.
[UID:1392][2282596] Reached max children process limit: 6, extra: 2, current: 8, busy: 8, please increase LSAPI_CHILDREN.
[UID:1392][2282596] Reached max children process limit: 6, extra: 2, current: 8, busy: 7, please increase LSAPI_CHILDREN.
[UID:1392][2282596] Reached max children process limit: 6, extra: 2, current: 8, busy: 7, please increase LSAPI_CHILDREN.
[UID:1392][2282596] Reached max children process limit: 6, extra: 2, current: 8, busy: 8, please increase LSAPI_CHILDREN.
[UID:1392][2282596] Reached max children process limit: 6, extra: 2, current: 8, busy: 8, please increase LSAPI_CHILDREN.
[UID:1392][2282596] Reached max children process limit: 6, extra: 2, current: 8, busy: 8, please increase LSAPI_CHILDREN.
[UID:1392][2282596] Reached max children process limit: 6, extra: 2, current: 8, busy: 8, please increase LSAPI_CHILDREN.
[UID:1392][2282596] Reached max children process limit: 6, extra: 2, current: 8, busy: 8, please increase LSAPI_CHILDREN.
[UID:1392][2282596] Reached max children process limit: 6, extra: 2, current: 8, busy: 8, please increase LSAPI_CHILDREN.
[UID:1392][2282596] Reached max children process limit: 6, extra: 2, current: 8, busy: 8, please increase LSAPI_CHILDREN.
[UID:1392][2282596] Reached max children process limit: 6, extra: 2, current: 8, busy: 8, please increase LSAPI_CHILDREN.
[UID:1392][2282596] Reached max children process limit: 6, extra: 2, current: 8, busy: 8, please increase LSAPI_CHILDREN.
[UID:1392][2282596] Reached max children process limit: 6, extra: 2, current: 8, busy: 8, please increase LSAPI_CHILDREN.
[UID:1392][2282596] Reached max children process limit: 6, extra: 2, current: 8, busy: 8, please increase LSAPI_CHILDREN.
[UID:1392][2282596] Reached max children process limit: 6, extra: 2, current: 8, busy: 8, please increase LSAPI_CHILDREN.
[UID:1392][2282596] Reached max children process limit: 6, extra: 2, current: 8, busy: 8, please increase LSAPI_CHILDREN.
[UID:1392][2282596] Reached max children process limit: 6, extra: 2, current: 8, busy: 8, please increase LSAPI_CHILDREN.
[UID:1392][2282596] Reached max children process limit: 6, extra: 2, current: 8, busy: 8, please increase LSAPI_CHILDREN.
[UID:1392][2282596] Reached max children process limit: 6, extra: 2, current: 8, busy: 7, please increase LSAPI_CHILDREN.
[UID:1392][2282596] Reached max children process limit: 6, extra: 2, current: 8, busy: 7, please increase LSAPI_CHILDREN.
[UID:1392][2282596] Reached max children process limit: 6, extra: 2, current: 8, busy: 8, please increase LSAPI_CHILDREN.
[UID:1392][2282596] Reached max children process limit: 6, extra: 2, current: 8, busy: 7, please increase LSAPI_CHILDREN.
WARNING:root:No DATABASE_URL environment variable set, and so no databases setup
WARNING:root:No DATABASE_URL environment variable set, and so no databases setup
Not Found: /favicon.ico
WARNING:django.request:Not Found: /favicon.ico
WARNING:root:No DATABASE_URL environment variable set, and so no databases setup
WARNING:root:No DATABASE_URL environment variable set, and so no databases setup
WARNING:root:No DATABASE_URL environment variable set, and so no databases setup
Not Found: /favicon.ico
WARNING:django.request:Not Found: /favicon.ico
WARNING:root:No DATABASE_URL environment variable set, and so no databases setup
Not Found: /favicon.ico
WARNING:django.request:Not Found: /favicon.ico
[UID:1392][3527487] Reached max children process limit: 6, extra: 2, current: 8, busy: 8, please increase LSAPI_CHILDREN.
[UID:1392][3527487] Reached max children process limit: 6, extra: 2, current: 8, busy: 8, please increase LSAPI_CHILDREN.
[UID:1392][3527487] Reached max children process limit: 6, extra: 2, current: 8, busy: 8, please increase LSAPI_CHILDREN.
[UID:1392][3527487] Reached max children process limit: 6, extra: 2, current: 8, busy: 8, please increase LSAPI_CHILDREN.
[UID:1392][3527487] Reached max children process limit: 6, extra: 2, current: 8, busy: 8, please increase LSAPI_CHILDREN.
[UID:1392][3527487] Reached max children process limit: 6, extra: 2, current: 8, busy: 8, please increase LSAPI_CHILDREN.
[UID:1392][3527487] Reached max children process limit: 6, extra: 2, current: 8, busy: 8, please increase LSAPI_CHILDREN.
[UID:1392][3527487] Reached max children process limit: 6, extra: 2, current: 8, busy: 8, please increase LSAPI_CHILDREN.
[UID:1392][3527487] Reached max children process limit: 6, extra: 2, current: 8, busy: 8, please increase LSAPI_CHILDREN.
[UID:1392][3527487] Reached max children process limit: 6, extra: 2, current: 8, busy: 8, please increase LSAPI_CHILDREN.
[UID:1392][3527487] Reached max children process limit: 6, extra: 2, current: 8, busy: 8, please increase LSAPI_CHILDREN.
[UID:1392][3527487] Reached max children process limit: 6, extra: 2, current: 8, busy: 8, please increase LSAPI_CHILDREN.
[UID:1392][3527487] Reached max children process limit: 6, extra: 2, current: 8, busy: 8, please increase LSAPI_CHILDREN.
[UID:1392][3527487] Reached max children process limit: 6, extra: 2, current: 8, busy: 8, please increase LSAPI_CHILDREN.
[UID:1392][3527487] Reached max children process limit: 6, extra: 2, current: 8, busy: 8, please increase LSAPI_CHILDREN.
[UID:1392][3527487] Reached max children process limit: 6, extra: 2, current: 8, busy: 8, please increase LSAPI_CHILDREN.
[UID:1392][3527487] Reached max children process limit: 6, extra: 2, current: 8, busy: 8, please increase LSAPI_CHILDREN.
[UID:1392][3527487] Reached max children process limit: 6, extra: 2, current: 8, busy: 8, please increase LSAPI_CHILDREN.
[UID:1392][3527487] Reached max children process limit: 6, extra: 2, current: 8, busy: 8, please increase LSAPI_CHILDREN.
[UID:1392][3527487] Reached max children process limit: 6, extra: 2, current: 8, busy: 8, please increase LSAPI_CHILDREN.
[UID:1392][3527487] Reached max children process limit: 6, extra: 2, current: 8, busy: 8, please increase LSAPI_CHILDREN.
[UID:1392][3527487] Reached max children process limit: 6, extra: 2, current: 8, busy: 8, please increase LSAPI_CHILDREN.
[UID:1392][3527487] Reached max children process limit: 6, extra: 2, current: 8, busy: 8, please increase LSAPI_CHILDREN.
[UID:1392][3527487] Reached max children process limit: 6, extra: 2, current: 8, busy: 8, please increase LSAPI_CHILDREN.
[UID:1392][3527487] Reached max children process limit: 6, extra: 2, current: 8, busy: 8, please increase LSAPI_CHILDREN.
[UID:1392][3527487] Reached max children process limit: 6, extra: 2, current: 8, busy: 8, please increase LSAPI_CHILDREN.
[UID:1392][3527487] Reached max children process limit: 6, extra: 2, current: 8, busy: 8, please increase LSAPI_CHILDREN.
[UID:1392][3527487] Reached max children process limit: 6, extra: 2, current: 8, busy: 8, please increase LSAPI_CHILDREN.
[UID:1392][3527487] Reached max children process limit: 6, extra: 2, current: 8, busy: 8, please increase LSAPI_CHILDREN.
[UID:1392][3527487] Reached max children process limit: 6, extra: 2, current: 8, busy: 8, please increase LSAPI_CHILDREN.
[UID:1392][3527487] Reached max children process limit: 6, extra: 2, current: 8, busy: 8, please increase LSAPI_CHILDREN.
[UID:1392][3527487] Reached max children process limit: 6, extra: 2, current: 8, busy: 8, please increase LSAPI_CHILDREN.
[UID:1392][3527487] Reached max children process limit: 6, extra: 2, current: 8, busy: 8, please increase LSAPI_CHILDREN.
[UID:1392][3527487] Reached max children process limit: 6, extra: 2, current: 8, busy: 8, please increase LSAPI_CHILDREN.
[UID:1392][3527487] Reached max children process limit: 6, extra: 2, current: 8, busy: 8, please increase LSAPI_CHILDREN.
[UID:1392][3527487] Reached max children process limit: 6, extra: 2, current: 8, busy: 8, please increase LSAPI_CHILDREN.
[UID:1392][3527487] Reached max children process limit: 6, extra: 2, current: 8, busy: 8, please increase LSAPI_CHILDREN.
[UID:1392][3527487] Reached max children process limit: 6, extra: 2, current: 8, busy: 8, please increase LSAPI_CHILDREN.
[UID:1392][3527487] Reached max children process limit: 6, extra: 2, current: 8, busy: 7, please increase LSAPI_CHILDREN.
[UID:1392][3527487] Reached max children process limit: 6, extra: 2, current: 8, busy: 8, please increase LSAPI_CHILDREN.
[UID:1392][3527487] Reached max children process limit: 6, extra: 2, current: 8, busy: 8, please increase LSAPI_CHILDREN.
[UID:1392][3527487] Reached max children process limit: 6, extra: 2, current: 8, busy: 8, please increase LSAPI_CHILDREN.
Not Found: /favicon.ico
WARNING:django.request:Not Found: /favicon.ico
[UID:1392][3527487] Reached max children process limit: 6, extra: 2, current: 8, busy: 8, please increase LSAPI_CHILDREN.
[UID:1392][3527487] Reached max children process limit: 6, extra: 2, current: 8, busy: 8, please increase LSAPI_CHILDREN.
[UID:1392][3527487] Reached max children process limit: 6, extra: 2, current: 8, busy: 8, please increase LSAPI_CHILDREN.
[UID:1392][3527487] Reached max children process limit: 6, extra: 2, current: 8, busy: 8, please increase LSAPI_CHILDREN.
[UID:1392][3527487] Reached max children process limit: 6, extra: 2, current: 8, busy: 8, please increase LSAPI_CHILDREN.
[UID:1392][3527487] Reached max children process limit: 6, extra: 2, current: 8, busy: 8, please increase LSAPI_CHILDREN.
[UID:1392][3527487] Reached max children process limit: 6, extra: 2, current: 8, busy: 8, please increase LSAPI_CHILDREN.
[UID:1392][3527487] Reached max children process limit: 6, extra: 2, current: 8, busy: 8, please increase LSAPI_CHILDREN.
[UID:1392][3527487] Reached max children process limit: 6, extra: 2, current: 8, busy: 8, please increase LSAPI_CHILDREN.
[UID:1392][3527487] Reached max children process limit: 6, extra: 2, current: 8, busy: 8, please increase LSAPI_CHILDREN.
[UID:1392][3527487] Reached max children process limit: 6, extra: 2, current: 8, busy: 8, please increase LSAPI_CHILDREN.
[UID:1392][3527487] Reached max children process limit: 6, extra: 2, current: 8, busy: 8, please increase LSAPI_CHILDREN.
[UID:1392][3527487] Reached max children process limit: 6, extra: 2, current: 8, busy: 8, please increase LSAPI_CHILDREN.
[UID:1392][3527487] Reached max children process limit: 6, extra: 2, current: 8, busy: 8, please increase LSAPI_CHILDREN.
[UID:1392][3527487] Reached max children process limit: 6, extra: 2, current: 8, busy: 7, please increase LSAPI_CHILDREN.
[UID:1392][3527487] Reached max children process limit: 6, extra: 2, current: 8, busy: 8, please increase LSAPI_CHILDREN.
[UID:1392][3527487] Reached max children process limit: 6, extra: 2, current: 8, busy: 8, please increase LSAPI_CHILDREN.
[UID:1392][3527487] Reached max children process limit: 6, extra: 2, current: 8, busy: 8, please increase LSAPI_CHILDREN.
[UID:1392][3527487] Reached max children process limit: 6, extra: 2, current: 8, busy: 8, please increase LSAPI_CHILDREN.
[UID:1392][3527487] Reached max children process limit: 6, extra: 2, current: 8, busy: 8, please increase LSAPI_CHILDREN.
[UID:1392][3527487] Reached max children process limit: 6, extra: 2, current: 8, busy: 8, please increase LSAPI_CHILDREN.
[UID:1392][3527487] Reached max children process limit: 6, extra: 2, current: 8, busy: 8, please increase LSAPI_CHILDREN.
[UID:1392][3527487] Reached max children process limit: 6, extra: 2, current: 8, busy: 8, please increase LSAPI_CHILDREN.
[UID:1392][3527487] Reached max children process limit: 6, extra: 2, current: 8, busy: 8, please increase LSAPI_CHILDREN.
[UID:1392][3527487] Reached max children process limit: 6, extra: 2, current: 8, busy: 8, please increase LSAPI_CHILDREN.
[UID:1392][3527487] Reached max children process limit: 6, extra: 2, current: 8, busy: 8, please increase LSAPI_CHILDREN.
[UID:1392][3527487] Reached max children process limit: 6, extra: 2, current: 8, busy: 8, please increase LSAPI_CHILDREN.
[UID:1392][3527487] Reached max children process limit: 6, extra: 2, current: 8, busy: 8, please increase LSAPI_CHILDREN.
[UID:1392][3527487] Reached max children process limit: 6, extra: 2, current: 8, busy: 8, please increase LSAPI_CHILDREN.
[UID:1392][3527487] Reached max children process limit: 6, extra: 2, current: 8, busy: 8, please increase LSAPI_CHILDREN.
WARNING:root:No DATABASE_URL environment variable set, and so no databases setup
WARNING:root:No DATABASE_URL environment variable set, and so no databases setup
WARNING:root:No DATABASE_URL environment variable set, and so no databases setup
WARNING:root:No DATABASE_URL environment variable set, and so no databases setup
WARNING:root:No DATABASE_URL environment variable set, and so no databases setup
WARNING:root:No DATABASE_URL environment variable set, and so no databases setup
WARNING:root:No DATABASE_URL environment variable set, and so no databases setup
Not Found: /favicon.ico
WARNING:django.request:Not Found: /favicon.ico
WARNING:root:No DATABASE_URL environment variable set, and so no databases setup
Not Found: /robots.txt
WARNING:django.request:Not Found: /robots.txt
WARNING:root:No DATABASE_URL environment variable set, and so no databases setup
WARNING:root:No DATABASE_URL environment variable set, and so no databases setup
WARNING:root:No DATABASE_URL environment variable set, and so no databases setup
WARNING:root:No DATABASE_URL environment variable set, and so no databases setup
WARNING:root:No DATABASE_URL environment variable set, and so no databases setup
WARNING:root:No DATABASE_URL environment variable set, and so no databases setup
WARNING:root:No DATABASE_URL environment variable set, and so no databases setup
WARNING:root:No DATABASE_URL environment variable set, and so no databases setup
WARNING:root:No DATABASE_URL environment variable set, and so no databases setup
WARNING:root:No DATABASE_URL environment variable set, and so no databases setup
WARNING:root:No DATABASE_URL environment variable set, and so no databases setup
WARNING:root:No DATABASE_URL environment variable set, and so no databases setup
WARNING:root:No DATABASE_URL environment variable set, and so no databases setup
WARNING:root:No DATABASE_URL environment variable set, and so no databases setup
WARNING:root:No DATABASE_URL environment variable set, and so no databases setup
WARNING:root:No DATABASE_URL environment variable set, and so no databases setup
WARNING:root:No DATABASE_URL environment variable set, and so no databases setup
[UID:1392][2717724] Child process with pid: 2717746 was killed by signal: 15, core dumped: no
WARNING:root:No DATABASE_URL environment variable set, and so no databases setup
WARNING:root:No DATABASE_URL environment variable set, and so no databases setup
WARNING:root:No DATABASE_URL environment variable set, and so no databases setup
WARNING:root:No DATABASE_URL environment variable set, and so no databases setup
[UID:1392][3540441] Child process with pid: 3540473 was killed by signal: 15, core dumped: no
WARNING:root:No DATABASE_URL environment variable set, and so no databases setup
WARNING:root:No DATABASE_URL environment variable set, and so no databases setup
WARNING:root:No DATABASE_URL environment variable set, and so no databases setup
WARNING:root:No DATABASE_URL environment variable set, and so no databases setup
Not Found: /favicon.ico
WARNING:django.request:Not Found: /favicon.ico
